id,first_name,last_name,email,gender,ip_address
1,Gerrard,Mayer,gmayer0@wix.com,Male,132.191.14.178
2,Nicola,Kenworth,nkenworth1@1und1.de,Male,167.8.145.238
3,Rob,Palatini,rpalatini2@joomla.org,Male,143.167.166.255
4,Dilly,Marrill,dmarrill3@angelfire.com,Male,120.221.55.85
5,Gray,Fortesquieu,gfortesquieu4@timesonline.co.uk,Male,20.212.14.187
6,Adena,Viccars,aviccars5@privacy.gov.au,Female,191.240.59.16
7,Lonnie,Guwer,lguwer6@deviantart.com,Female,196.63.100.44
8,Kirsten,Praton,kpraton7@netlog.com,Female,228.78.205.253
9,Paton,Pashler,ppashler8@independent.co.uk,Male,51.96.83.218
10,Chan,Deadman,cdeadman9@amazon.com,Male,230.96.41.29
11,Josefina,Heavyside,jheavysidea@themeforest.net,Female,32.36.68.32
12,Bald,Simonsen,bsimonsenb@taobao.com,Male,173.252.97.43
13,Aridatha,Exposito,aexpositoc@prweb.com,Female,70.206.165.226
14,Meredithe,Bulfit,mbulfitd@ezinearticles.com,Female,204.161.183.73
15,Neil,Guillain,nguillaine@craigslist.org,Male,222.250.51.151
16,Richardo,Mollitt,rmollittf@mashable.com,Male,102.17.119.32
17,Carissa,Jacobsohn,cjacobsohng@un.org,Female,212.98.166.178
18,Tawsha,Dummett,tdummetth@elegantthemes.com,Female,19.240.26.89
19,Darby,Crocket,dcrocketi@liveinternet.ru,Male,162.161.223.26
20,Giordano,Libreros,glibrerosj@ebay.com,Male,102.176.113.163
21,Faustina,Battin,fbattink@patch.com,Female,143.13.195.171
22,Ammamaria,Lambell,alambelll@tripadvisor.com,Female,229.139.219.228
23,Hurley,Hambatch,hhambatchm@icio.us,Male,105.46.251.26
24,Kimberly,Crate,kcraten@oakley.com,Female,224.201.43.9
25,Calida,Dannett,cdannetto@usda.gov,Female,148.183.198.110
26,Roxine,Tolley,rtolleyp@de.vu,Female,61.214.164.201
27,Anthia,Bartalin,abartalinq@tinyurl.com,Female,6.72.20.83
28,Ebeneser,Glencrosche,eglencroscher@addthis.com,Male,215.57.26.94
29,Neale,Lob,nlobs@shop-pro.jp,Male,141.16.145.131
30,Nobie,Trim,ntrimt@typepad.com,Male,67.146.242.96
31,Stirling,Yacob,syacobu@lulu.com,Male,210.16.21.56
32,Tabby,Aleksic,taleksicv@parallels.com,Male,143.224.132.2
33,Josephine,Rigg,jriggw@comsenz.com,Female,96.180.70.217
34,Florentia,Grivori,fgrivorix@fda.gov,Female,103.38.235.2
35,Lesley,Bessent,lbessenty@infoseek.co.jp,Male,101.76.131.58
36,Vania,Lightbourne,vlightbournez@msu.edu,Female,75.19.209.55
37,Kata,Butland,kbutland10@tinyurl.com,Female,237.253.177.189
38,Vernon,McSorley,vmcsorley11@pbs.org,Male,120.186.40.182
39,Jacki,Momford,jmomford12@mysql.com,Female,200.241.191.43
40,Hestia,Brooker,hbrooker13@google.com,Female,180.159.18.56
41,Nolan,Corrigan,ncorrigan14@yelp.com,Male,54.219.100.142
42,Myrwyn,Thoday,mthoday15@so-net.ne.jp,Male,228.167.64.72
43,Ferrel,Salkild,fsalkild16@163.com,Male,155.244.203.6
44,Normie,Jakaway,njakaway17@house.gov,Male,245.98.171.247
45,Aime,Loudwell,aloudwell18@java.com,Female,140.61.144.135
46,Bail,Bulgen,bbulgen19@nationalgeographic.com,Male,149.180.242.26
47,Jelene,Eyeington,jeyeington1a@oracle.com,Female,221.203.213.74
48,Austin,Corker,acorker1b@deviantart.com,Female,173.234.71.95
49,Webster,Bellin,wbellin1c@edublogs.org,Male,211.81.218.132
50,Minor,Oxer,moxer1d@unc.edu,Male,212.234.201.9
51,Marieann,Petruk,mpetruk1e@jalbum.net,Female,59.91.112.27
52,Chaddy,Hounson,chounson1f@dyndns.org,Male,24.181.67.230
53,Fayina,Kittman,fkittman1g@amazon.com,Female,148.150.158.121
54,Maxwell,Campbell-Dunlop,mcampbelldunlop1h@elegantthemes.com,Male,120.85.241.255
55,Kimmy,Reimer,kreimer1i@samsung.com,Female,66.18.253.112
56,Shelden,Thrush,sthrush1j@reddit.com,Male,128.125.91.52
57,Maximilianus,Strowther,mstrowther1k@google.es,Male,69.215.20.59
58,Ruthi,Praton,rpraton1l@123-reg.co.uk,Female,253.75.214.65
59,Gabie,Marjoribanks,gmarjoribanks1m@ucoz.ru,Female,57.169.52.53
60,Sofie,Arnatt,sarnatt1n@networksolutions.com,Female,72.175.135.50
61,Merci,Filov,mfilov1o@ask.com,Female,192.166.176.51
62,Diana,Turbayne,dturbayne1p@cbslocal.com,Female,95.95.195.110
63,Hanson,Edmenson,hedmenson1q@wunderground.com,Male,165.39.172.34
64,Eachelle,Westbrook,ewestbrook1r@macromedia.com,Female,229.217.251.75
65,Bibbye,Boxill,bboxill1s@about.me,Female,213.38.172.44
66,Maryanna,Attew,mattew1t@ihg.com,Female,73.133.56.76
67,Analiese,Pencot,apencot1u@ow.ly,Female,154.78.255.26
68,Lyell,Yetman,lyetman1v@wiley.com,Male,128.54.139.149
69,Dennet,Lavrick,dlavrick1w@yandex.ru,Male,58.64.88.196
70,Abby,Janeway,ajaneway1x@squidoo.com,Male,209.148.236.102
71,Marita,Celli,mcelli1y@wiley.com,Female,138.123.32.46
72,Brady,Hardes,bhardes1z@youtu.be,Male,61.42.246.73
73,Rochester,Bonnett,rbonnett20@eepurl.com,Male,107.180.45.243
74,Christy,Darville,cdarville21@wufoo.com,Female,21.195.202.41
75,Davie,Ceillier,dceillier22@facebook.com,Male,241.48.83.56
76,Bennie,Iglesia,biglesia23@unesco.org,Male,32.69.187.177
77,Aubree,Mainstone,amainstone24@indiegogo.com,Female,194.182.5.207
78,Lazaro,Sey,lsey25@nymag.com,Male,139.162.98.214
79,Elberta,Reyne,ereyne26@naver.com,Female,207.117.2.122
80,Bern,Tuckwood,btuckwood27@example.com,Male,243.90.160.191
81,Deeanne,Peye,dpeye28@patch.com,Female,91.239.233.162
82,Jeniece,Rubery,jrubery29@over-blog.com,Female,174.163.60.111
83,Jarib,Steddall,jsteddall2a@cafepress.com,Male,19.126.41.5
84,Michael,Meffen,mmeffen2b@irs.gov,Male,189.45.109.153
85,Lorrin,Cutcliffe,lcutcliffe2c@woothemes.com,Female,249.121.144.70
86,Abram,Krahl,akrahl2d@usgs.gov,Male,232.56.92.32
87,Chrissy,Sharphouse,csharphouse2e@ucla.edu,Female,72.244.125.74
88,Nikolia,Ranyelld,nranyelld2f@amazon.co.jp,Female,76.162.97.18
89,Mikol,Myall,mmyall2g@stumbleupon.com,Male,143.62.174.153
90,Emilio,Dollen,edollen2h@live.com,Male,207.44.91.119
91,Vick,Rzehorz,vrzehorz2i@google.co.jp,Male,60.72.173.211
92,Massimiliano,Lissandri,mlissandri2j@hao123.com,Male,196.120.200.54
93,Slade,Morfey,smorfey2k@engadget.com,Male,217.195.127.119
94,Danielle,Fulham,dfulham2l@tmall.com,Female,100.1.38.180
95,Sheffield,Worley,sworley2m@unesco.org,Male,146.6.202.231
96,Brigitta,Carrell,bcarrell2n@google.es,Female,151.114.16.201
97,Even,Hillen,ehillen2o@google.pl,Male,153.155.93.82
98,Eachelle,Pond,epond2p@princeton.edu,Female,251.15.208.160
99,Kerianne,Bew,kbew2q@theatlantic.com,Female,152.27.33.186
100,Boigie,Kreutzer,bkreutzer2r@pcworld.com,Male,130.36.73.28
101,Garvin,Cecely,gcecely2s@theguardian.com,Male,130.230.95.132
102,Tamarra,Tewes,ttewes2t@tiny.cc,Female,11.179.150.212
103,Briggs,Gilhespy,bgilhespy2u@nationalgeographic.com,Male,27.15.215.226
104,Orsola,Gergolet,ogergolet2v@gnu.org,Female,105.66.186.46
105,Emmery,Salters,esalters2w@networkadvertising.org,Male,94.32.160.222
106,Web,O'Kelly,wokelly2x@si.edu,Male,64.240.90.247
107,Saudra,Indruch,sindruch2y@illinois.edu,Female,234.145.58.147
108,Addie,Ashworth,aashworth2z@surveymonkey.com,Female,132.101.131.74
109,Britni,Collett,bcollett30@pinterest.com,Female,236.218.205.106
110,Patsy,Geertsen,pgeertsen31@theatlantic.com,Female,30.23.139.154
111,Vinnie,Balmer,vbalmer32@apache.org,Female,241.110.26.12
112,Rossy,Chinn,rchinn33@usgs.gov,Male,85.153.240.143
113,Fredek,Naptin,fnaptin34@liveinternet.ru,Male,75.234.207.122
114,Drusy,Coleyshaw,dcoleyshaw35@xinhuanet.com,Female,147.58.222.69
115,Griffin,Scrammage,gscrammage36@github.com,Male,166.155.9.43
116,Thor,McSharry,tmcsharry37@timesonline.co.uk,Male,246.34.18.183
117,Reidar,Constanza,rconstanza38@amazon.com,Male,46.98.112.138
118,Richard,Spofforth,rspofforth39@economist.com,Male,33.246.211.114
119,Owen,Angelo,oangelo3a@comcast.net,Male,242.206.10.93
120,Harmon,Hitscher,hhitscher3b@house.gov,Male,141.176.208.4
121,Toiboid,Carn,tcarn3c@ucoz.ru,Male,194.3.167.133
122,Madelena,Rutledge,mrutledge3d@bloomberg.com,Female,181.247.172.13
123,Kathe,Hearley,khearley3e@huffingtonpost.com,Female,238.121.129.141
124,Derrik,Boydon,dboydon3f@opensource.org,Male,171.72.163.174
125,Kora,Watkiss,kwatkiss3g@de.vu,Female,234.212.28.120
126,Olivier,Lapere,olapere3h@issuu.com,Male,146.186.26.103
127,Wylma,Verden,wverden3i@soup.io,Female,100.246.215.79
128,Dougie,Blazej,dblazej3j@parallels.com,Male,136.40.29.18
129,Joanne,Leftley,jleftley3k@gov.uk,Female,249.237.186.140
130,Antonia,Voller,avoller3l@ebay.com,Female,223.61.92.251
131,Kirsteni,Whacket,kwhacket3m@shareasale.com,Female,185.11.167.254
132,Lorianne,Crehan,lcrehan3n@etsy.com,Female,128.49.155.169
133,Gary,Storrah,gstorrah3o@forbes.com,Male,137.183.34.213
134,Christian,Kupka,ckupka3p@angelfire.com,Male,63.87.219.190
135,Marcile,Emanuelov,memanuelov3q@stanford.edu,Female,216.125.205.63
136,Rozele,Elliot,relliot3r@wikimedia.org,Female,127.44.230.238
137,Enid,Gilbane,egilbane3s@fastcompany.com,Female,121.33.178.86
138,Friedrick,Klemke,fklemke3t@artisteer.com,Male,186.208.14.75
139,Elvis,Feckey,efeckey3u@opera.com,Male,195.100.154.202
140,Bevan,Yegorkov,byegorkov3v@upenn.edu,Male,147.5.142.201
141,Etty,Dudenie,edudenie3w@elpais.com,Female,210.118.45.152
142,Sigfrid,Ough,sough3x@bbb.org,Male,100.74.250.52
143,Ilysa,Auten,iauten3y@freewebs.com,Female,45.23.176.0
144,Ludwig,Tibbits,ltibbits3z@usa.gov,Male,37.114.202.7
145,Cindy,Ackeroyd,cackeroyd40@house.gov,Female,44.67.70.165
146,Norri,Breinl,nbreinl41@hostgator.com,Female,32.242.15.5
147,Jacynth,Voice,jvoice42@purevolume.com,Female,175.145.163.197
148,Shari,Ingleston,singleston43@cmu.edu,Female,24.133.51.196
149,Darill,Zylbermann,dzylbermann44@cbslocal.com,Male,60.132.140.80
150,Norina,Shewan,nshewan45@slashdot.org,Female,152.85.117.41
151,Cathyleen,Gunningham,cgunningham46@wiley.com,Female,30.32.255.125
152,Wells,Adlard,wadlard47@baidu.com,Male,25.4.55.178
153,Gillan,Djurisic,gdjurisic48@chronoengine.com,Female,204.218.133.196
154,Henri,Fairburn,hfairburn49@icio.us,Male,132.240.192.106
155,Inna,Santer,isanter4a@flavors.me,Female,114.224.209.217
156,Rivkah,Keable,rkeable4b@github.io,Female,49.73.192.140
157,Bruno,Sumshon,bsumshon4c@example.com,Male,80.203.245.136
158,Herta,Slipper,hslipper4d@posterous.com,Female,32.13.252.49
159,Orelie,Heindl,oheindl4e@bigcartel.com,Female,95.184.71.146
160,Raul,Timbridge,rtimbridge4f@washingtonpost.com,Male,84.188.97.215
161,Denis,Buckney,dbuckney4g@kickstarter.com,Male,167.170.193.88
162,Wayland,Wiffen,wwiffen4h@shop-pro.jp,Male,46.209.182.195
163,Maye,Banaszewski,mbanaszewski4i@nsw.gov.au,Female,13.178.158.75
164,Kylen,Franzetti,kfranzetti4j@blogs.com,Female,162.127.30.38
165,Agathe,Tome,atome4k@mapquest.com,Female,225.100.14.11
166,Dagny,Lemmer,dlemmer4l@vkontakte.ru,Male,49.176.161.164
167,Zsazsa,Gales,zgales4m@ft.com,Female,35.4.175.234
168,Mathias,Ragat,mragat4n@yellowbook.com,Male,148.57.228.249
169,Remus,Bramer,rbramer4o@topsy.com,Male,169.189.170.93
170,Mel,Kluge,mkluge4p@army.mil,Male,154.161.211.0
171,Caterina,Greim,cgreim4q@tinypic.com,Female,75.108.91.140
172,Kylynn,Coneybeer,kconeybeer4r@wikipedia.org,Female,118.80.227.25
173,Laraine,Stilgoe,lstilgoe4s@themeforest.net,Female,12.158.238.192
174,Leland,Schneider,lschneider4t@paginegialle.it,Male,86.241.163.212
175,Marty,Bynert,mbynert4u@uol.com.br,Male,110.72.246.179
176,Deina,Upstone,dupstone4v@spiegel.de,Female,12.139.38.97
177,Aretha,Lendon,alendon4w@mozilla.org,Female,215.89.42.17
178,Andra,McDade,amcdade4x@tmall.com,Female,101.152.209.193
179,Urson,Chasemore,uchasemore4y@guardian.co.uk,Male,171.212.141.200
180,Cami,McCullagh,cmccullagh4z@yelp.com,Female,78.235.113.231
181,Elmer,Higford,ehigford50@oakley.com,Male,242.39.143.46
182,Alex,Cloonan,acloonan51@theglobeandmail.com,Female,101.9.131.26
183,Deck,Cobbled,dcobbled52@friendfeed.com,Male,167.234.162.31
184,Burt,Escalero,bescalero53@hp.com,Male,175.115.223.80
185,Odetta,Collcutt,ocollcutt54@upenn.edu,Female,122.180.84.32
186,Gerik,De Hoogh,gdehoogh55@ask.com,Male,21.181.93.65
187,Salaidh,Brabben,sbrabben56@independent.co.uk,Female,127.86.39.201
188,Kelley,Skin,kskin57@gnu.org,Male,74.204.117.167
189,Olimpia,Lombard,olombard58@hostgator.com,Female,115.212.106.234
190,Malchy,Crowcher,mcrowcher59@buzzfeed.com,Male,186.122.9.138
191,Ericha,Helliker,ehelliker5a@flickr.com,Female,211.61.197.50
192,Dick,Bentinck,dbentinck5b@amazon.co.jp,Male,73.80.104.248
193,Crissy,Sheilds,csheilds5c@sitemeter.com,Female,130.17.130.157
194,Peter,Sunman,psunman5d@narod.ru,Male,186.109.11.37
195,Barney,Kaspar,bkaspar5e@youku.com,Male,43.26.219.182
196,Haley,Alphonso,halphonso5f@uiuc.edu,Male,100.71.165.18
197,Melba,Pesticcio,mpesticcio5g@noaa.gov,Female,27.78.12.64
198,Cicily,Eadon,ceadon5h@nytimes.com,Female,208.209.239.32
199,Gamaliel,Giovanni,ggiovanni5i@oracle.com,Male,140.233.208.235
200,Barbara-anne,Sheaf,bsheaf5j@purevolume.com,Female,25.26.207.206
201,Penelope,MacGow,pmacgow5k@spiegel.de,Female,172.32.77.32
202,Charmain,Bakes,cbakes5l@marketwatch.com,Female,197.178.98.162
203,Alvan,Wilton,awilton5m@businessweek.com,Male,217.78.244.21
204,Marie-jeanne,Mannie,mmannie5n@boston.com,Female,252.77.56.20
205,Beatrix,Pumfrett,bpumfrett5o@irs.gov,Female,91.47.228.191
206,Rosette,Kalisz,rkalisz5p@tripadvisor.com,Female,211.235.241.193
207,Gherardo,Rochelle,grochelle5q@netlog.com,Male,182.199.52.254
208,Moira,Sammon,msammon5r@privacy.gov.au,Female,145.156.35.62
209,Cyrille,Charlo,ccharlo5s@topsy.com,Male,149.175.45.67
210,Antonia,Fibbens,afibbens5t@wsj.com,Female,91.1.48.184
211,Jada,Bohlens,jbohlens5u@pinterest.com,Female,178.12.142.169
212,Melloney,McCrystal,mmccrystal5v@stanford.edu,Female,100.55.97.101
213,Brok,Mauger,bmauger5w@t.co,Male,152.57.185.173
214,Cori,Vogl,cvogl5x@studiopress.com,Male,55.205.84.72
215,Riley,Cowern,rcowern5y@live.com,Male,231.66.176.173
216,Shane,Peepall,speepall5z@hibu.com,Female,86.246.222.241
217,Bank,Kezor,bkezor60@wordpress.org,Male,72.43.152.175
218,Errol,Killingsworth,ekillingsworth61@barnesandnoble.com,Male,213.163.192.29
219,Moishe,Steels,msteels62@soundcloud.com,Male,30.20.84.255
220,Winnie,Thiese,wthiese63@i2i.jp,Female,124.155.142.57
221,Pepillo,Tunmore,ptunmore64@google.com.au,Male,27.77.147.159
222,Maryellen,Ashforth,mashforth65@businessweek.com,Female,47.111.254.18
223,Cassandre,Creffeild,ccreffeild66@salon.com,Female,91.80.147.176
224,Marchall,Niese,mniese67@tiny.cc,Male,218.30.10.177
225,Marieann,Diem,mdiem68@spiegel.de,Female,178.118.123.224
226,Barney,Ferrandez,bferrandez69@reference.com,Male,186.156.80.16
227,Pepito,Gatch,pgatch6a@vistaprint.com,Male,205.2.202.30
228,Yance,Boffey,yboffey6b@lulu.com,Male,236.235.101.158
229,Tristam,Bradbeer,tbradbeer6c@bing.com,Male,183.89.163.252
230,Barry,Clitsome,bclitsome6d@hugedomains.com,Male,126.234.85.28
231,Emery,Bysshe,ebysshe6e@japanpost.jp,Male,141.6.87.67
232,Lemar,Fernihough,lfernihough6f@cocolog-nifty.com,Male,14.160.137.92
233,Putnam,McFeate,pmcfeate6g@phoca.cz,Male,101.233.104.38
234,Mozes,Snookes,msnookes6h@engadget.com,Male,16.202.138.103
235,Humfrid,Codi,hcodi6i@indiegogo.com,Male,254.245.180.58
236,Jerri,Beldon,jbeldon6j@mac.com,Male,80.127.13.211
237,Lenore,Beldom,lbeldom6k@discuz.net,Female,169.149.143.38
238,Grantley,Domegan,gdomegan6l@mayoclinic.com,Male,203.83.95.154
239,Alma,Pond,apond6m@biblegateway.com,Female,25.253.215.153
240,Rafe,Tofts,rtofts6n@histats.com,Male,108.75.204.228
241,Codi,Langtree,clangtree6o@php.net,Female,2.156.94.171
242,Krispin,Cartan,kcartan6p@imageshack.us,Male,160.14.148.53
243,Gus,Barbrick,gbarbrick6q@prweb.com,Female,227.115.214.31
244,Melinde,Swatman,mswatman6r@jalbum.net,Female,99.156.178.204
245,Toddie,Goodlett,tgoodlett6s@vimeo.com,Male,28.181.17.4
246,Thomas,Ucceli,tucceli6t@networkadvertising.org,Male,74.74.246.103
247,Riordan,Alison,ralison6u@amazon.de,Male,200.28.251.180
248,Borden,Jore,bjore6v@amazon.de,Male,242.235.15.110
249,Abramo,Iorns,aiorns6w@cnet.com,Male,204.38.1.212
250,Merrilee,Mosedall,mmosedall6x@unesco.org,Female,33.240.84.102
251,Job,Brewster,jbrewster6y@ehow.com,Male,67.84.82.113
252,Sheff,Press,spress6z@adobe.com,Male,234.238.234.26
253,Kanya,Kolak,kkolak70@soup.io,Female,183.109.112.180
254,Yetta,Dow,ydow71@sohu.com,Female,230.160.108.29
255,Sanson,Kuna,skuna72@mozilla.com,Male,201.146.9.255
256,Franky,Mazella,fmazella73@go.com,Male,15.163.155.99
257,Reena,Proudley,rproudley74@dailymotion.com,Female,31.172.29.170
258,Milicent,Sutlieff,msutlieff75@illinois.edu,Female,41.210.148.184
259,Gerardo,Sumpner,gsumpner76@merriam-webster.com,Male,47.165.204.105
260,Charil,Leghorn,cleghorn77@washington.edu,Female,239.10.30.192
261,Jean,Kuhle,jkuhle78@cisco.com,Female,3.124.180.11
262,Jeniffer,Bushby,jbushby79@wisc.edu,Female,114.80.72.255
263,Leeland,Galbraith,lgalbraith7a@liveinternet.ru,Male,144.15.141.30
264,Jodee,Chester,jchester7b@examiner.com,Female,115.9.126.112
265,Benetta,MacGall,bmacgall7c@edublogs.org,Female,93.2.92.111
266,Faye,Muino,fmuino7d@lycos.com,Female,60.10.141.3
267,Adelina,Klimkowski,aklimkowski7e@friendfeed.com,Female,214.174.247.239
268,Dewey,Kolakovic,dkolakovic7f@addtoany.com,Male,41.3.41.115
269,Arabelle,Mapson,amapson7g@aboutads.info,Female,133.144.154.112
270,Giorgio,Weerdenburg,gweerdenburg7h@patch.com,Male,106.7.131.18
271,Garrek,Classen,gclassen7i@nydailynews.com,Male,209.29.24.156
272,Starlin,Diggles,sdiggles7j@vimeo.com,Female,110.215.123.1
273,Sebastien,McGroarty,smcgroarty7k@myspace.com,Male,43.139.221.19
274,Gilles,Dawton,gdawton7l@desdev.cn,Male,47.144.229.134
275,Selma,Donnison,sdonnison7m@hud.gov,Female,190.56.242.150
276,Aldous,Braunes,abraunes7n@elpais.com,Male,193.107.105.224
277,Daffy,Dyhouse,ddyhouse7o@biblegateway.com,Female,201.60.73.204
278,Aggi,Swaile,aswaile7p@cnet.com,Female,80.93.38.3
279,Cher,Jenman,cjenman7q@indiatimes.com,Female,195.237.145.245
280,Aloysia,Crouch,acrouch7r@phpbb.com,Female,126.131.173.24
281,Elysha,Grouen,egrouen7s@indiegogo.com,Female,47.202.226.162
282,Fernando,Beaney,fbeaney7t@comsenz.com,Male,152.246.217.254
283,Anastassia,Nesterov,anesterov7u@usa.gov,Female,166.35.149.52
284,Cherilyn,Kenderdine,ckenderdine7v@npr.org,Female,9.58.6.135
285,Constantino,Crannach,ccrannach7w@gravatar.com,Male,26.37.54.244
286,Inger,Fawkes,ifawkes7x@altervista.org,Male,136.98.83.33
287,Perri,Morten,pmorten7y@macromedia.com,Female,85.223.5.110
288,Zsa zsa,D'eathe,zdeathe7z@howstuffworks.com,Female,167.94.194.60
289,Gaultiero,Doble,gdoble80@vistaprint.com,Male,151.84.64.71
290,Bord,Zanazzi,bzanazzi81@economist.com,Male,136.39.64.205
291,Germaine,Barge,gbarge82@dell.com,Female,165.172.239.161
292,Paddy,Imorts,pimorts83@joomla.org,Male,42.60.74.61
293,Adena,Marzella,amarzella84@arstechnica.com,Female,112.119.12.61
294,Bobbie,Drain,bdrain85@wunderground.com,Female,71.16.187.140
295,Sal,Aberkirder,saberkirder86@abc.net.au,Male,4.234.88.50
296,Noe,Haswell,nhaswell87@patch.com,Male,117.3.1.157
297,Sig,Haggidon,shaggidon88@hhs.gov,Male,238.184.73.151
298,Porter,Beswetherick,pbeswetherick89@adobe.com,Male,119.86.52.107
299,Shannen,Spaice,sspaice8a@t.co,Female,53.255.79.116
300,Lazarus,Kirkness,lkirkness8b@hostgator.com,Male,170.81.81.71
301,Chloris,Passingham,cpassingham8c@who.int,Female,178.146.95.117
302,Chrystal,Dulin,cdulin8d@comcast.net,Female,127.187.180.44
303,Grannie,Date,gdate8e@hostgator.com,Male,222.147.180.66
304,Ruthe,Cullotey,rcullotey8f@sitemeter.com,Female,224.91.166.152
305,Kitty,Arnaudi,karnaudi8g@bigcartel.com,Female,158.120.188.124
306,Amabel,Klas,aklas8h@japanpost.jp,Female,60.189.189.135
307,Bendick,McCoughan,bmccoughan8i@trellian.com,Male,247.95.234.142
308,Alena,Turmall,aturmall8j@blinklist.com,Female,148.125.122.125
309,Clive,Treker,ctreker8k@toplist.cz,Male,127.192.133.32
310,Isobel,Blayney,iblayney8l@wisc.edu,Female,0.194.1.15
311,Letitia,Selwyne,lselwyne8m@msu.edu,Female,175.102.208.207
312,Gaby,Lilywhite,glilywhite8n@google.es,Male,9.201.52.120
313,Robin,Oldroyd,roldroyd8o@wp.com,Male,105.109.232.15
314,Beau,Giannasi,bgiannasi8p@tumblr.com,Male,191.32.98.7
315,Danella,Shepperd,dshepperd8q@sbwire.com,Female,28.193.126.225
316,Gavan,Szubert,gszubert8r@google.ca,Male,82.160.82.129
317,Royce,Tute,rtute8s@jiathis.com,Male,163.249.230.134
318,Melania,Dailey,mdailey8t@opera.com,Female,184.50.156.126
319,Marlo,Weale,mweale8u@example.com,Male,54.167.220.89
320,Lin,Muff,lmuff8v@1und1.de,Female,153.163.36.206
321,Arielle,Mackie,amackie8w@irs.gov,Female,242.83.116.91
322,Rafaelia,Faber,rfaber8x@toplist.cz,Female,77.22.112.165
323,Jolee,Dupree,jdupree8y@wisc.edu,Female,80.175.186.199
324,Kenneth,Realph,krealph8z@whitehouse.gov,Male,132.8.8.2
325,Conan,Kebbell,ckebbell90@youtu.be,Male,75.254.161.81
326,Patti,Wauchope,pwauchope91@google.com.hk,Female,128.30.225.59
327,Jackson,Bricksey,jbricksey92@google.it,Male,121.121.9.167
328,Kain,Echallie,kechallie93@skyrock.com,Male,2.139.190.110
329,Brucie,Leivers,bleivers94@skype.com,Male,37.36.7.20
330,Kara,Stringman,kstringman95@sitemeter.com,Female,212.2.127.186
331,Beauregard,Lettice,blettice96@wired.com,Male,94.119.178.193
332,Vlad,Hale,vhale97@sohu.com,Male,120.17.53.236
333,Jaymee,Stening,jstening98@disqus.com,Female,154.171.93.77
334,Hi,Studman,hstudman99@lulu.com,Male,154.105.219.133
335,Cam,McFarlan,cmcfarlan9a@yellowbook.com,Male,7.168.8.250
336,Iris,Getcliff,igetcliff9b@si.edu,Female,168.114.118.230
337,Arlette,Swaton,aswaton9c@jalbum.net,Female,233.165.29.205
338,Kizzee,Stanbro,kstanbro9d@kickstarter.com,Female,166.147.131.239
339,Kriste,Salazar,ksalazar9e@miibeian.gov.cn,Female,172.35.76.99
340,Gayla,Kuhlen,gkuhlen9f@issuu.com,Female,92.113.47.58
341,Vale,Baudinet,vbaudinet9g@tmall.com,Male,245.216.15.101
342,Vinny,Watkiss,vwatkiss9h@constantcontact.com,Male,1.164.82.243
343,Ebenezer,Borles,eborles9i@surveymonkey.com,Male,128.95.184.23
344,Flin,Swain,fswain9j@microsoft.com,Male,203.194.167.59
345,Sloan,Meneely,smeneely9k@wired.com,Male,184.168.248.75
346,Keir,Adrian,kadrian9l@cornell.edu,Male,18.5.158.221
347,Karlotte,Dabels,kdabels9m@soup.io,Female,214.30.6.47
348,Frederich,Layton,flayton9n@illinois.edu,Male,233.248.44.127
349,Steffane,Le Conte,sleconte9o@washington.edu,Female,85.116.12.146
350,Clementine,Yuranovev,cyuranovev9p@opensource.org,Female,81.32.191.239
351,Korella,Cranstoun,kcranstoun9q@friendfeed.com,Female,219.93.41.139
352,Natividad,Gordon,ngordon9r@vkontakte.ru,Female,127.45.107.225
353,Pauletta,Hirsthouse,phirsthouse9s@networksolutions.com,Female,76.143.0.138
354,Sissy,Glassopp,sglassopp9t@wiley.com,Female,148.96.218.250
355,Sandor,Deverale,sdeverale9u@nps.gov,Male,214.152.141.89
356,Regine,Antonich,rantonich9v@telegraph.co.uk,Female,142.8.55.215
357,Cristiano,Chidwick,cchidwick9w@usa.gov,Male,18.244.33.62
358,Andras,Hourahan,ahourahan9x@nydailynews.com,Male,99.146.41.160
359,Jonathon,Danielovitch,jdanielovitch9y@tamu.edu,Male,1.22.75.26
360,Maia,MacDowal,mmacdowal9z@drupal.org,Female,52.33.0.38
361,Valaree,Copelli,vcopellia0@goo.ne.jp,Female,191.123.123.219
362,Duky,Bellelli,dbellellia1@mayoclinic.com,Male,94.21.161.63
363,Christy,Rutherford,crutherforda2@paypal.com,Male,16.211.29.235
364,Lela,MacAleese,lmacaleesea3@harvard.edu,Female,98.117.117.223
365,Bjorn,Sidebottom,bsidebottoma4@weibo.com,Male,119.243.210.146
366,Karena,Mournian,kmourniana5@ow.ly,Female,255.221.11.151
367,Emma,Shapter,eshaptera6@clickbank.net,Female,123.184.133.142
368,Oliviero,Gero,ogeroa7@people.com.cn,Male,90.176.182.65
369,Rayna,Newcomen,rnewcomena8@ow.ly,Female,222.128.192.122
370,Arden,Arnaldo,aarnaldoa9@bigcartel.com,Female,137.165.12.105
371,Magdalen,Vischi,mvischiaa@fema.gov,Female,65.25.105.187
372,Maribeth,Dade,mdadeab@blogspot.com,Female,113.173.4.230
373,Corty,Beaver,cbeaverac@seattletimes.com,Male,3.1.211.172
374,Loralee,Ferrettino,lferrettinoad@comsenz.com,Female,112.137.185.134
375,Lynnet,Van der Mark,lvandermarkae@arizona.edu,Female,148.186.212.19
376,Tobiah,Strafford,tstraffordaf@ftc.gov,Male,246.180.67.210
377,Korie,Le Franc,klefrancag@slate.com,Female,33.159.206.192
378,Ivie,Beckinsale,ibeckinsaleah@bing.com,Female,140.127.53.140
379,Stanislaw,Ruggier,sruggierai@hao123.com,Male,236.136.91.221
380,Rudolfo,Palfrey,rpalfreyaj@reverbnation.com,Male,53.52.241.87
381,Mylo,Sainsbury-Brown,msainsburybrownak@virginia.edu,Male,87.178.78.110
382,Roley,Abbys,rabbysal@reverbnation.com,Male,17.216.114.113
383,Redford,Beyer,rbeyeram@nbcnews.com,Male,144.151.237.34
384,Melonie,Luby,mlubyan@eepurl.com,Female,161.75.26.50
385,Ealasaid,Yirrell,eyirrellao@is.gd,Female,73.252.185.253
386,Helene,Trime,htrimeap@tinypic.com,Female,8.64.11.47
387,Kikelia,McArtan,kmcartanaq@so-net.ne.jp,Female,143.48.212.66
388,Gilligan,Miquelet,gmiqueletar@spiegel.de,Female,116.10.131.229
389,Mina,Starr,mstarras@redcross.org,Female,81.166.214.109
390,Jerrine,Andrault,jandraultat@gnu.org,Female,163.72.184.239
391,Cecily,Jacobowitz,cjacobowitzau@foxnews.com,Female,6.78.8.99
392,Dorolice,Forri,dforriav@opera.com,Female,47.198.195.180
393,Ingeborg,Inger,iingeraw@cpanel.net,Female,132.168.173.70
394,Ursola,Micheu,umicheuax@businessinsider.com,Female,143.246.58.4
395,Shelagh,Gimson,sgimsonay@ning.com,Female,14.74.173.151
396,Akim,Pray,aprayaz@fc2.com,Male,147.58.4.202
397,Nikkie,O'Breen,nobreenb0@netvibes.com,Female,86.112.118.244
398,Ola,Gange,ogangeb1@studiopress.com,Female,111.211.17.128
399,Lilas,Antill,lantillb2@theatlantic.com,Female,253.11.132.102
400,Bink,Hanny,bhannyb3@nhs.uk,Male,173.218.249.186
401,Tony,Dayley,tdayleyb4@multiply.com,Male,58.67.110.6
402,Reidar,Jahnig,rjahnigb5@sourceforge.net,Male,201.168.104.202
403,Kingston,Bathersby,kbathersbyb6@dailymotion.com,Male,83.248.207.147
404,Ibrahim,Greydon,igreydonb7@miitbeian.gov.cn,Male,139.66.1.212
405,Del,Garmon,dgarmonb8@house.gov,Male,113.89.173.1
406,Page,Doerrling,pdoerrlingb9@indiegogo.com,Male,212.210.121.18
407,Jennilee,Pietrowski,jpietrowskiba@twitpic.com,Female,81.89.227.235
408,Stearne,Govier,sgovierbb@nih.gov,Male,135.87.124.210
409,Garrard,Rowntree,growntreebc@dailymail.co.uk,Male,5.147.238.101
410,Tobias,Barthorpe,tbarthorpebd@nature.com,Male,21.121.235.17
411,Kathlin,Sodor,ksodorbe@wikia.com,Female,49.130.37.86
412,Elsey,Robbings,erobbingsbf@domainmarket.com,Female,94.134.222.1
413,Grethel,Lambeth,glambethbg@oakley.com,Female,66.164.208.188
414,Jayson,Bowmaker,jbowmakerbh@yale.edu,Male,156.187.132.195
415,Eleonore,Casbourne,ecasbournebi@jiathis.com,Female,178.86.60.227
416,Sawyer,Dupoy,sdupoybj@multiply.com,Male,219.84.92.236
417,Austin,Baraclough,abaracloughbk@cbc.ca,Male,237.63.254.220
418,Misty,Pavlik,mpavlikbl@exblog.jp,Female,65.98.130.37
419,Ilse,Copin,icopinbm@ihg.com,Female,31.119.151.173
420,Kaine,Uccello,kuccellobn@reuters.com,Male,1.98.127.6
421,Graig,Wharf,gwharfbo@drupal.org,Male,241.124.102.227
422,Lurleen,Glowacha,lglowachabp@addthis.com,Female,52.241.253.30
423,Ulrikaumeko,Favill,ufavillbq@com.com,Female,222.160.127.49
424,Burlie,Josskoviz,bjosskovizbr@com.com,Male,127.39.53.234
425,Val,Shivell,vshivellbs@artisteer.com,Male,243.77.187.203
426,Aridatha,Feake,afeakebt@godaddy.com,Female,0.106.3.228
427,Mayne,Macguire,mmacguirebu@nih.gov,Male,136.72.55.193
428,Addy,Cone,aconebv@godaddy.com,Male,74.240.137.148
429,Wernher,Marxsen,wmarxsenbw@marriott.com,Male,95.89.181.57
430,Darell,Josse,djossebx@accuweather.com,Female,193.13.126.76
431,Patsy,Hauxby,phauxbyby@meetup.com,Male,138.158.162.246
432,Kitti,Frome,kfromebz@businessinsider.com,Female,240.115.26.44
433,Johan,Kayley,jkayleyc0@joomla.org,Male,108.191.20.120
434,Bobby,Dimeloe,bdimeloec1@pagesperso-orange.fr,Female,230.253.150.103
435,Zonda,Stepney,zstepneyc2@deviantart.com,Female,234.15.96.29
436,Puff,Melley,pmelleyc3@epa.gov,Male,78.117.179.30
437,Niall,Bikker,nbikkerc4@oakley.com,Male,251.167.221.38
438,Waverley,Dymocke,wdymockec5@bizjournals.com,Male,89.6.58.158
439,Alair,Wichard,awichardc6@alibaba.com,Male,161.182.40.154
440,Philippa,Preene,ppreenec7@hubpages.com,Female,165.13.164.56
441,Jere,Ruddiman,jruddimanc8@fc2.com,Male,78.91.186.83
442,Berny,Brims,bbrimsc9@studiopress.com,Female,206.164.5.151
443,Nadean,Spurdens,nspurdensca@seesaa.net,Female,223.48.126.21
444,Carol,Davey,cdaveycb@artisteer.com,Female,188.82.122.31
445,Eilis,Dallin,edallincc@tamu.edu,Female,184.80.181.225
446,Friedrick,Moule,fmoulecd@hubpages.com,Male,182.177.242.17
447,Ad,Whall,awhallce@symantec.com,Male,104.223.189.200
448,Hilton,Dysert,hdysertcf@europa.eu,Male,10.171.194.161
449,Prudy,Spirit,pspiritcg@sogou.com,Female,69.201.76.82
450,Gil,McCloy,gmccloych@nasa.gov,Male,122.17.71.156
451,Neils,Eaglen,neaglenci@webs.com,Male,238.233.241.3
452,Emma,Prozescky,eprozesckycj@statcounter.com,Female,235.226.213.111
453,Dannel,Ranyell,dranyellck@businessweek.com,Male,175.228.136.71
454,Ronald,Pimley,rpimleycl@ox.ac.uk,Male,81.2.17.189
455,Chuck,Buckby,cbuckbycm@who.int,Male,93.138.242.49
456,Sawyer,Blood,sbloodcn@blog.com,Male,78.74.17.179
457,Paulie,Playden,pplaydenco@apache.org,Male,100.122.75.241
458,Thalia,Kunath,tkunathcp@cocolog-nifty.com,Female,79.68.175.185
459,Ailsun,Twinborough,atwinboroughcq@infoseek.co.jp,Female,71.226.242.87
460,Zondra,Lorand,zlorandcr@list-manage.com,Female,239.170.33.15
461,Hogan,Blaiklock,hblaiklockcs@europa.eu,Male,208.122.210.85
462,Cord,Issacson,cissacsonct@networkadvertising.org,Male,235.229.5.230
463,Vilma,Keary,vkearycu@columbia.edu,Female,3.225.53.251
464,Sascha,Turfs,sturfscv@state.tx.us,Male,205.201.184.123
465,Reynold,Cabedo,rcabedocw@delicious.com,Male,87.232.185.164
466,Edsel,Wones,ewonescx@omniture.com,Male,243.142.62.70
467,Carey,Stayt,cstaytcy@friendfeed.com,Male,31.0.91.177
468,Gardener,Drew-Clifton,gdrewcliftoncz@reverbnation.com,Male,8.16.65.236
469,Maddie,Longforth,mlongforthd0@craigslist.org,Female,30.115.212.19
470,Tedra,Poinsett,tpoinsettd1@chron.com,Female,169.223.80.184
471,Rodina,Aston,rastond2@sun.com,Female,14.136.65.176
472,Elnar,Payfoot,epayfootd3@cisco.com,Male,210.39.242.119
473,Emanuele,Kapelhoff,ekapelhoffd4@com.com,Male,162.161.37.206
474,Carly,Seeks,cseeksd5@ehow.com,Male,2.36.103.25
475,Maureene,Paddie,mpaddied6@example.com,Female,90.91.19.212
476,Jeniffer,Alpes,jalpesd7@geocities.com,Female,59.145.166.132
477,Malanie,Tester,mtesterd8@woothemes.com,Female,103.52.209.38
478,Grady,Orfeur,gorfeurd9@aboutads.info,Male,66.64.244.33
479,Ilyssa,Fardoe,ifardoeda@tripadvisor.com,Female,5.197.62.136
480,Ruthy,Wickling,rwicklingdb@sohu.com,Female,96.83.127.207
481,Cirstoforo,Othick,cothickdc@rediff.com,Male,52.184.53.195
482,Hardy,Skoggings,hskoggingsdd@php.net,Male,189.36.12.167
483,Hilario,Gammack,hgammackde@blogs.com,Male,75.40.176.132
484,Andrei,Geerits,ageeritsdf@php.net,Female,159.154.133.163
485,Waylen,Caldairou,wcaldairoudg@aboutads.info,Male,159.69.153.155
486,Del,Libby,dlibbydh@latimes.com,Female,214.41.177.230
487,Kala,Boole,kbooledi@1und1.de,Female,202.92.252.230
488,Scarlett,Rimer,srimerdj@diigo.com,Female,242.248.206.81
489,Garvy,Danielsohn,gdanielsohndk@earthlink.net,Male,160.123.223.17
490,Nan,Felten,nfeltendl@nih.gov,Female,89.236.79.177
491,Gillian,Philcox,gphilcoxdm@dagondesign.com,Female,12.42.49.107
492,Roxie,Heyball,rheyballdn@symantec.com,Female,196.235.129.41
493,Bree,Danskine,bdanskinedo@devhub.com,Female,201.201.224.31
494,Clare,Garms,cgarmsdp@zdnet.com,Male,249.125.4.28
495,Teena,Assiratti,tassirattidq@geocities.jp,Female,140.253.146.139
496,Archy,Benko,abenkodr@squarespace.com,Male,206.5.92.90
497,Graig,Imlaw,gimlawds@tinypic.com,Male,250.252.25.206
498,Jed,McBeth,jmcbethdt@opensource.org,Male,241.173.90.11
499,Elicia,MacGarvey,emacgarveydu@wix.com,Female,95.13.162.163
500,Danya,Clamp,dclampdv@google.es,Female,224.161.173.169
501,Buddy,Cisar,bcisardw@creativecommons.org,Male,157.28.58.83
502,Ainslie,Aspinell,aaspinelldx@examiner.com,Female,32.173.52.11
503,Rodrigo,Frankham,rfrankhamdy@webmd.com,Male,6.117.81.123
504,Carolin,Gilffillan,cgilffillandz@deliciousdays.com,Female,217.198.72.205
505,Samuel,Bilovsky,sbilovskye0@friendfeed.com,Male,252.206.103.94
506,Tedie,Goudman,tgoudmane1@booking.com,Male,162.187.10.7
507,Rorie,Comsty,rcomstye2@guardian.co.uk,Female,109.38.112.73
508,Timmy,Oppery,topperye3@wikia.com,Male,225.55.84.106
509,Darbee,Shotbolt,dshotbolte4@nature.com,Male,215.82.65.255
510,Lyle,Elmes,lelmese5@about.com,Male,69.147.243.63
511,Jack,Gotter,jgottere6@comcast.net,Male,208.138.156.11
512,Antoinette,Loades,aloadese7@ning.com,Female,166.8.129.51
513,Katerine,Runnett,krunnette8@cnn.com,Female,206.128.187.74
514,Connie,Lapish,clapishe9@purevolume.com,Male,4.191.80.137
515,Saw,Bettam,sbettamea@twitter.com,Male,42.228.49.135
516,Desi,Steere,dsteereeb@posterous.com,Male,19.255.162.71
517,Glyn,Ainsby,gainsbyec@ucoz.com,Female,186.64.254.36
518,Frayda,Bohlsen,fbohlsened@timesonline.co.uk,Female,11.16.139.208
519,Abbye,Plank,aplankee@nytimes.com,Female,217.156.188.222
520,Janifer,Skerme,jskermeef@weibo.com,Female,178.47.35.162
521,Davina,Swafford,dswaffordeg@ask.com,Female,66.100.194.95
522,Jessie,Sangster,jsangstereh@bravesites.com,Female,25.197.200.79
523,Maia,Frontczak,mfrontczakei@jugem.jp,Female,245.69.208.160
524,Jorrie,Skells,jskellsej@admin.ch,Female,182.0.82.135
525,Lyell,Nairns,lnairnsek@elegantthemes.com,Male,104.124.151.226
526,Gwenore,Brodest,gbrodestel@dell.com,Female,21.72.29.92
527,Nona,Thonason,nthonasonem@europa.eu,Female,154.168.25.244
528,Fergus,Choak,fchoaken@wordpress.org,Male,175.144.248.81
529,Ardra,Dilgarno,adilgarnoeo@theatlantic.com,Female,215.164.23.38
530,Orton,Fittis,ofittisep@so-net.ne.jp,Male,102.175.237.172
531,Lind,Yarrow,lyarroweq@ft.com,Male,212.138.231.250
532,Joel,Alven,jalvener@arizona.edu,Male,124.173.35.134
533,Floyd,Eglin,feglines@amazon.co.uk,Male,99.0.45.120
534,Tamra,Muckian,tmuckianet@163.com,Female,226.61.158.46
535,Laurence,Mullinger,lmullingereu@flavors.me,Male,93.109.30.148
536,Catriona,Bear,cbearev@google.de,Female,55.85.114.164
537,Mal,Dawidsohn,mdawidsohnew@businessinsider.com,Male,66.75.83.169
538,Lee,Rawsthorn,lrawsthornex@techcrunch.com,Male,73.123.206.2
539,Ambros,Clynter,aclynterey@live.com,Male,105.145.58.9
540,Chen,Vass,cvassez@twitter.com,Male,224.178.82.68
541,Timmie,Spykins,tspykinsf0@bravesites.com,Female,206.78.57.33
542,Loralyn,Stiell,lstiellf1@europa.eu,Female,254.180.201.212
543,Dana,Howselee,dhowseleef2@storify.com,Female,99.117.158.75
544,Olenolin,Dearing,odearingf3@de.vu,Male,216.192.229.252
545,Cort,Oxlade,coxladef4@booking.com,Male,28.108.11.28
546,Tamiko,Saich,tsaichf5@cafepress.com,Female,100.24.27.81
547,Hilary,Boggon,hboggonf6@1688.com,Female,150.141.204.114
548,Virgie,Angood,vangoodf7@utexas.edu,Male,95.103.2.202
549,Jeramie,Arons,jaronsf8@walmart.com,Male,155.91.222.107
550,Agatha,Glennard,aglennardf9@flickr.com,Female,177.171.178.27
551,Emelyne,Derkes,ederkesfa@wunderground.com,Female,165.144.207.220
552,Hector,Soeiro,hsoeirofb@symantec.com,Male,214.217.84.34
553,Pascale,Blakelock,pblakelockfc@theglobeandmail.com,Male,139.75.117.13
554,Lammond,MacGorley,lmacgorleyfd@dailymail.co.uk,Male,84.50.141.188
555,Mair,Tague,mtaguefe@unc.edu,Female,67.116.16.59
556,Calypso,Brinklow,cbrinklowff@house.gov,Female,74.205.96.187
557,Hedy,Girke,hgirkefg@php.net,Female,77.30.229.80
558,Hank,Elles,hellesfh@sfgate.com,Male,53.61.223.255
559,Ilyssa,Le Floch,ileflochfi@about.com,Female,84.78.244.202
560,Tait,Engledow,tengledowfj@homestead.com,Male,219.238.209.30
561,Drud,Walford,dwalfordfk@webmd.com,Male,121.64.96.184
562,Octavius,Titcombe,otitcombefl@google.nl,Male,251.151.125.227
563,Vita,Absolon,vabsolonfm@ft.com,Female,38.30.70.109
564,Merlina,Killigrew,mkilligrewfn@mozilla.org,Female,87.242.210.207
565,Blair,Ducastel,bducastelfo@google.co.uk,Male,87.198.236.175
566,Cecily,Coltman,ccoltmanfp@rakuten.co.jp,Female,35.178.154.29
567,Eustace,Beneyto,ebeneytofq@aol.com,Male,178.155.154.127
568,Vergil,Pryke,vprykefr@marketwatch.com,Male,184.142.167.132
569,Ingaborg,Stainer,istainerfs@yale.edu,Female,38.216.60.60
570,Denis,Belly,dbellyft@msu.edu,Male,48.232.177.184
571,Jeri,Trippett,jtrippettfu@opensource.org,Female,157.187.106.150
572,Court,Oxteby,coxtebyfv@jiathis.com,Male,149.172.20.175
573,Holmes,Broadis,hbroadisfw@themeforest.net,Male,108.158.239.213
574,Talyah,Gibbonson,tgibbonsonfx@vkontakte.ru,Female,72.194.21.220
575,Dorree,Heaney,dheaneyfy@umn.edu,Female,32.33.106.46
576,Jefferey,Suermeier,jsuermeierfz@blogs.com,Male,142.131.42.189
577,Jamima,Mathewson,jmathewsong0@networksolutions.com,Female,27.115.244.37
578,Nanete,Matiasek,nmatiasekg1@diigo.com,Female,129.39.107.39
579,Jocelin,Spyvye,jspyvyeg2@ocn.ne.jp,Female,152.113.116.130
580,Siegfried,Gravell,sgravellg3@moonfruit.com,Male,89.41.82.95
581,Sherlocke,Ablett,sablettg4@privacy.gov.au,Male,58.198.195.102
582,Scarlett,Alesi,salesig5@globo.com,Female,231.192.61.110
583,Alvira,Alstead,aalsteadg6@adobe.com,Female,61.136.148.26
584,Maria,Ovens,movensg7@prnewswire.com,Female,74.84.162.106
585,Alfie,Corkish,acorkishg8@simplemachines.org,Female,134.199.248.178
586,Brew,Puffett,bpuffettg9@themeforest.net,Male,107.77.39.217
587,Cecil,Handslip,chandslipga@360.cn,Male,94.66.95.112
588,Monika,Licciardo,mlicciardogb@1688.com,Female,177.252.211.66
589,Tate,Heazel,theazelgc@nps.gov,Female,229.104.141.159
590,Marcelia,Izakson,mizaksongd@bing.com,Female,248.75.126.226
591,Candi,Birt,cbirtge@cloudflare.com,Female,20.190.16.37
592,Ami,Palumbo,apalumbogf@usgs.gov,Female,187.38.143.14
593,Sonny,Neillans,sneillansgg@salon.com,Female,65.172.13.122
594,Molli,Quarless,mquarlessgh@howstuffworks.com,Female,91.31.205.85
595,Willetta,Ruddiforth,wruddiforthgi@studiopress.com,Female,108.46.193.65
596,Bertram,Mitten,bmittengj@opera.com,Male,171.102.89.28
597,Fields,Taynton,ftayntongk@chron.com,Male,157.179.147.69
598,Gabbi,Glozman,gglozmangl@ted.com,Female,133.124.75.250
599,Mateo,Grishakov,mgrishakovgm@oracle.com,Male,189.194.10.64
600,Hilary,MacGauhy,hmacgauhygn@google.it,Male,252.34.10.184
601,Pattin,Dyne,pdynego@booking.com,Male,133.247.195.247
602,Rey,Peet,rpeetgp@biblegateway.com,Male,49.57.105.169
603,Winny,Klimecki,wklimeckigq@sun.com,Male,6.67.119.203
604,Shepherd,Giacomozzo,sgiacomozzogr@oracle.com,Male,246.48.80.52
605,Fred,Hastings,fhastingsgs@discovery.com,Male,81.70.102.231
606,Whitman,Quixley,wquixleygt@reddit.com,Male,96.246.151.161
607,Amelita,Bielefeld,abielefeldgu@dropbox.com,Female,200.118.98.115
608,Thomasin,Cufley,tcufleygv@webs.com,Female,193.252.169.183
609,Lancelot,Torfin,ltorfingw@narod.ru,Male,135.240.226.136
610,Brit,Garrold,bgarroldgx@cisco.com,Male,160.255.178.198
611,Giorgia,Burke,gburkegy@cdbaby.com,Female,6.44.122.171
612,Adrien,Iacivelli,aiacivelligz@spiegel.de,Male,150.94.142.80
613,Kippy,Eminson,keminsonh0@wikipedia.org,Male,142.100.60.254
614,Scotty,Binding,sbindingh1@de.vu,Male,129.246.156.233
615,Tarrance,Draayer,tdraayerh2@mysql.com,Male,165.187.94.29
616,Misha,Monery,mmoneryh3@godaddy.com,Female,69.50.32.108
617,Baron,Kernaghan,bkernaghanh4@digg.com,Male,251.219.154.77
618,Jonell,Graundisson,jgraundissonh5@indiegogo.com,Female,0.189.70.136
619,Roberto,Eddisforth,reddisforthh6@freewebs.com,Male,69.177.94.182
620,Leda,Yakunchikov,lyakunchikovh7@bing.com,Female,111.69.79.62
621,Gayla,Fairey,gfaireyh8@utexas.edu,Female,55.231.114.80
622,Damara,Chilcotte,dchilcotteh9@squidoo.com,Female,224.223.97.174
623,Shepherd,Stoakes,sstoakesha@pcworld.com,Male,173.17.110.222
624,Vin,Dumbelton,vdumbeltonhb@google.de,Male,78.138.94.135
625,Xenos,Arne,xarnehc@nymag.com,Male,13.210.6.203
626,Grantley,Muddiman,gmuddimanhd@archive.org,Male,185.78.68.204
627,Jeremiah,Wannan,jwannanhe@webmd.com,Male,187.165.121.51
628,Verile,Biswell,vbiswellhf@furl.net,Female,175.205.57.49
629,Lanie,Tudbald,ltudbaldhg@bluehost.com,Male,25.24.89.20
630,Hulda,McKeaney,hmckeaneyhh@census.gov,Female,201.46.146.98
631,Lilias,Middas,lmiddashi@sakura.ne.jp,Female,92.67.197.117
632,Kassi,Englefield,kenglefieldhj@elegantthemes.com,Female,177.154.167.10
633,Clari,Osorio,cosoriohk@multiply.com,Female,114.91.18.157
634,Zachary,Venmore,zvenmorehl@opera.com,Male,86.192.99.127
635,Sully,Trippitt,strippitthm@is.gd,Male,94.30.87.4
636,Hana,O'Cassidy,hocassidyhn@jiathis.com,Female,107.231.108.65
637,Cristionna,Labbe,clabbeho@yelp.com,Female,81.233.3.208
638,Enrique,Hardaway,ehardawayhp@gov.uk,Male,73.89.232.173
639,Sim,Vereker,sverekerhq@cnet.com,Male,124.245.114.245
640,Caldwell,Schukert,cschukerthr@wunderground.com,Male,191.162.152.57
641,Fiann,Sperry,fsperryhs@wikipedia.org,Female,249.119.111.54
642,Meggie,Jagels,mjagelsht@4shared.com,Female,72.90.4.60
643,Ashely,Keyhoe,akeyhoehu@earthlink.net,Female,239.150.76.135
644,Bridie,Radbourne,bradbournehv@miibeian.gov.cn,Female,111.76.231.121
645,Laverna,Oldam,loldamhw@phpbb.com,Female,168.70.39.135
646,Bink,Sibbald,bsibbaldhx@arstechnica.com,Male,51.6.21.247
647,Barbabra,Sutor,bsutorhy@yandex.ru,Female,46.229.119.222
648,Buddy,Brandle,bbrandlehz@vkontakte.ru,Male,65.60.223.238
649,Jared,Flattman,jflattmani0@vinaora.com,Male,75.173.46.236
650,Lucie,Dibley,ldibleyi1@hud.gov,Female,249.157.7.149
651,Truda,Tabourier,ttabourieri2@mysql.com,Female,233.87.154.150
652,Bradney,Drysdall,bdrysdalli3@geocities.com,Male,158.65.79.95
653,Abey,Monshall,amonshalli4@mtv.com,Male,97.230.170.27
654,Franky,Malthouse,fmalthousei5@irs.gov,Female,108.37.25.230
655,Boot,Saby,bsabyi6@eepurl.com,Male,193.12.189.160
656,Jeffrey,Dionisii,jdionisiii7@java.com,Male,134.4.11.8
657,Leeann,Kneeland,lkneelandi8@imdb.com,Female,67.201.4.88
658,Jorgan,Sinott,jsinotti9@comsenz.com,Male,247.220.150.27
659,Dar,Eixenberger,deixenbergeria@quantcast.com,Male,205.66.192.77
660,Weston,Rebanks,wrebanksib@ftc.gov,Male,11.254.243.18
661,Evvy,Smitheram,esmitheramic@phpbb.com,Female,182.102.73.97
662,Denise,Wank,dwankid@economist.com,Female,147.167.29.211
663,Garvy,Merner,gmernerie@symantec.com,Male,110.151.118.139
664,Heinrick,Churchill,hchurchillif@vimeo.com,Male,183.198.54.118
665,Sofie,Jelf,sjelfig@twitter.com,Female,11.45.54.148
666,Avril,Lynn,alynnih@cargocollective.com,Female,214.53.241.217
667,Ernestus,Scoon,escoonii@examiner.com,Male,22.186.7.93
668,Taylor,Hirschmann,thirschmannij@auda.org.au,Male,243.82.168.9
669,Mannie,Balderstone,mbalderstoneik@census.gov,Male,157.54.118.189
670,Betta,Camp,bcampil@goo.gl,Female,84.65.82.223
671,Eldridge,Rubbert,erubbertim@mozilla.com,Male,119.194.6.160
672,Rudyard,Nurse,rnursein@npr.org,Male,41.50.139.30
673,Hamid,Braycotton,hbraycottonio@bravesites.com,Male,190.195.169.14
674,Kerstin,McEvilly,kmcevillyip@ucoz.ru,Female,101.55.109.46
675,Kristos,Woodrough,kwoodroughiq@cam.ac.uk,Male,191.202.194.152
676,Liuka,Moodie,lmoodieir@webnode.com,Female,98.221.60.193
677,Jerrilee,Halfhyde,jhalfhydeis@prnewswire.com,Female,250.252.45.93
678,Darrick,Chatainier,dchatainierit@phoca.cz,Male,119.33.7.212
679,Donovan,Mangenet,dmangenetiu@cmu.edu,Male,165.71.222.97
680,Gene,Waby,gwabyiv@slashdot.org,Male,118.3.196.246
681,Trace,Milbourn,tmilbourniw@multiply.com,Male,215.187.68.214
682,Dennis,Ledekker,dledekkerix@ezinearticles.com,Male,159.196.111.102
683,Casie,Houseman,chousemaniy@dot.gov,Female,36.63.213.141
684,Cory,Antonutti,cantonuttiiz@last.fm,Male,106.25.249.91
685,Trumaine,Lowres,tlowresj0@1688.com,Male,78.177.56.79
686,Halie,Donaldson,hdonaldsonj1@craigslist.org,Female,82.82.201.140
687,Scottie,Kenewel,skenewelj2@barnesandnoble.com,Male,93.240.78.176
688,Lowe,Thake,lthakej3@blogtalkradio.com,Male,206.164.16.210
689,Emlen,McArte,emcartej4@wp.com,Male,216.88.180.58
690,Hadrian,Josipovic,hjosipovicj5@whitehouse.gov,Male,182.167.7.209
691,Tani,Dawltrey,tdawltreyj6@ning.com,Female,87.159.179.241
692,Arleta,Matthai,amatthaij7@bbc.co.uk,Female,86.255.154.124
693,Joete,Koubu,jkoubuj8@altervista.org,Female,7.146.22.80
694,Myron,Normanell,mnormanellj9@gizmodo.com,Male,4.163.109.128
695,Pietrek,McGinny,pmcginnyja@trellian.com,Male,54.137.254.59
696,Adelheid,Ludl,aludljb@flavors.me,Female,113.137.192.183
697,Eveline,Ruilton,eruiltonjc@indiegogo.com,Female,252.213.112.24
698,Lawry,Marchbank,lmarchbankjd@ucoz.ru,Male,115.128.8.133
699,Packston,Billing,pbillingje@paginegialle.it,Male,249.85.86.217
700,Mechelle,Stevani,mstevanijf@biglobe.ne.jp,Female,172.101.250.62
701,Cyrille,Brookesbie,cbrookesbiejg@arizona.edu,Male,85.45.38.85
702,Raina,Barensen,rbarensenjh@soundcloud.com,Female,211.162.218.217
703,Christin,Faloon,cfaloonji@geocities.jp,Female,161.36.100.49
704,Karly,Rollingson,krollingsonjj@google.it,Female,148.194.105.3
705,Lindon,Rawne,lrawnejk@ow.ly,Male,73.188.158.189
706,Nickolai,Scottrell,nscottrelljl@hp.com,Male,118.208.197.199
707,Afton,Figliovanni,afigliovannijm@blogger.com,Female,122.186.41.198
708,Deborah,Steely,dsteelyjn@si.edu,Female,11.235.24.161
709,Consuela,Abbe,cabbejo@un.org,Female,251.151.144.117
710,Whit,Anfosso,wanfossojp@nba.com,Male,30.14.251.46
711,Bartholomew,Pedri,bpedrijq@imgur.com,Male,163.39.44.84
712,Karine,Dronsfield,kdronsfieldjr@nationalgeographic.com,Female,122.98.233.21
713,Gunter,Carrington,gcarringtonjs@t-online.de,Male,194.101.233.36
714,Giulio,O'Malley,gomalleyjt@sohu.com,Male,11.134.62.202
715,Klemens,Lacasa,klacasaju@livejournal.com,Male,25.0.69.125
716,Francisca,Dewbury,fdewburyjv@tripod.com,Female,149.251.37.139
717,Vince,Laurenson,vlaurensonjw@yolasite.com,Male,144.203.158.146
718,Denys,Berrisford,dberrisfordjx@gnu.org,Male,75.167.19.72
719,Dukey,Garrat,dgarratjy@mozilla.com,Male,46.17.109.182
720,Ellary,Leppo,eleppojz@yellowbook.com,Male,193.85.189.243
721,Lowell,Spreckley,lspreckleyk0@deliciousdays.com,Male,240.228.170.216
722,Thedrick,Cardozo,tcardozok1@xing.com,Male,178.67.85.186
723,Loydie,Denisard,ldenisardk2@unc.edu,Male,124.205.75.114
724,Caz,Kilbourn,ckilbournk3@microsoft.com,Male,235.43.212.44
725,Shandeigh,Laminman,slaminmank4@toplist.cz,Female,17.75.63.216
726,Far,Connerly,fconnerlyk5@odnoklassniki.ru,Male,73.164.62.12
727,Alejoa,Bolt,aboltk6@boston.com,Male,199.165.21.202
728,Kyrstin,McGeachey,kmcgeacheyk7@state.tx.us,Female,67.121.109.141
729,Aldis,Strooband,astroobandk8@fotki.com,Male,213.167.62.111
730,Kris,Burlingham,kburlinghamk9@ucla.edu,Female,12.174.148.131
731,Mariellen,Sempill,msempillka@about.me,Female,104.110.219.120
732,Ann,Bryns,abrynskb@cyberchimps.com,Female,65.45.23.78
733,Lucy,Crippill,lcrippillkc@sohu.com,Female,118.158.241.229
734,Pegeen,Gardiner,pgardinerkd@feedburner.com,Female,99.77.247.197
735,Clim,Biesinger,cbiesingerke@jimdo.com,Male,173.107.134.146
736,Sharon,Lidierth,slidierthkf@ucoz.com,Female,52.122.243.196
737,Flor,Shobbrook,fshobbrookkg@barnesandnoble.com,Female,41.242.150.17
738,Hettie,Peat,hpeatkh@meetup.com,Female,163.35.19.203
739,Laurence,Nobriga,lnobrigaki@51.la,Male,119.254.213.112
740,Gerri,Morfett,gmorfettkj@facebook.com,Male,229.40.70.13
741,Brittan,Bril,bbrilkk@creativecommons.org,Female,47.6.46.155
742,Goddart,MacKnocker,gmacknockerkl@webs.com,Male,232.83.44.165
743,Tiena,Shearmur,tshearmurkm@eventbrite.com,Female,139.125.171.101
744,Andrea,Physick,aphysickkn@usnews.com,Female,228.18.74.102
745,Christoforo,Heustice,cheusticeko@bloglines.com,Male,60.150.138.97
746,Caleb,Fewkes,cfewkeskp@hc360.com,Male,34.181.251.241
747,Kenyon,Spoole,kspoolekq@meetup.com,Male,213.237.149.79
748,Griffin,Malyj,gmalyjkr@angelfire.com,Male,127.15.116.184
749,Adorne,Dalston,adalstonks@lycos.com,Female,145.121.142.139
750,Ondrea,Crippill,ocrippillkt@cornell.edu,Female,116.79.224.225
751,Gretta,Creddon,gcreddonku@wordpress.org,Female,108.219.158.222
752,Kattie,Raincin,kraincinkv@hugedomains.com,Female,131.126.145.230
753,Elisha,Elsie,eelsiekw@miitbeian.gov.cn,Female,9.143.240.119
754,Trista,Neeves,tneeveskx@loc.gov,Female,202.160.83.126
755,Jerald,Korneichuk,jkorneichukky@sourceforge.net,Male,174.232.34.144
756,Daune,Tunn,dtunnkz@mashable.com,Female,108.251.113.76
757,Sydel,Bordiss,sbordissl0@state.tx.us,Female,85.25.119.151
758,Carney,Emerson,cemersonl1@xinhuanet.com,Male,166.253.107.85
759,Humberto,Dehn,hdehnl2@nationalgeographic.com,Male,123.150.232.204
760,Justis,Starton,jstartonl3@simplemachines.org,Male,14.28.238.9
761,Nicolle,Murch,nmurchl4@cisco.com,Female,164.196.43.211
762,Xavier,Woodroffe,xwoodroffel5@eventbrite.com,Male,23.128.67.5
763,Jerry,Wilbud,jwilbudl6@taobao.com,Male,241.14.30.45
764,Sloan,Doreward,sdorewardl7@jimdo.com,Male,58.15.220.94
765,Normy,Brough,nbroughl8@clickbank.net,Male,241.177.167.8
766,Nappy,Cardenosa,ncardenosal9@mit.edu,Male,4.0.115.38
767,Renard,Mandifield,rmandifieldla@ovh.net,Male,198.244.148.58
768,Lyle,Sedger,lsedgerlb@geocities.jp,Male,155.249.205.12
769,Elysha,Lideard,elideardlc@pagesperso-orange.fr,Female,172.56.58.111
770,Ermina,Rodolf,erodolfld@networkadvertising.org,Female,150.52.167.30
771,Cordey,Oury,couryle@hubpages.com,Female,102.251.113.79
772,Baillie,Kubin,bkubinlf@qq.com,Male,233.220.189.149
773,Pincas,Searchwell,psearchwelllg@ted.com,Male,176.225.131.206
774,Johnny,Acory,jacorylh@creativecommons.org,Male,216.168.30.15
775,Lisetta,Pavinese,lpavineseli@mediafire.com,Female,49.112.205.90
776,Bron,Wimp,bwimplj@nbcnews.com,Male,153.44.20.58
777,Joelie,Shackelton,jshackeltonlk@aol.com,Female,60.26.12.246
778,Minny,Brothwell,mbrothwellll@dmoz.org,Female,26.152.33.30
779,Lothario,Earingey,learingeylm@netlog.com,Male,107.20.56.89
780,Ulrikaumeko,Hegel,uhegelln@army.mil,Female,139.202.93.95
781,Laurence,Jackman,ljackmanlo@g.co,Male,41.170.179.28
782,Revkah,Hartill,rhartilllp@ft.com,Female,186.238.211.177
783,Carr,Stelfox,cstelfoxlq@live.com,Male,90.94.162.49
784,Pippa,Tindley,ptindleylr@google.de,Female,145.152.55.223
785,Nelson,Libby,nlibbyls@technorati.com,Male,245.34.72.38
786,Nicolai,Leah,nleahlt@usgs.gov,Male,167.222.90.166
787,Madelaine,Kieff,mkiefflu@sun.com,Female,221.229.174.135
788,Ynes,Habard,yhabardlv@wikimedia.org,Female,121.239.187.177
789,Ame,McGreal,amcgreallw@slashdot.org,Female,88.59.217.193
790,Ugo,Drinkwater,udrinkwaterlx@list-manage.com,Male,66.185.170.66
791,Dael,Hartfleet,dhartfleetly@google.com.br,Female,184.66.249.67
792,Mace,Realy,mrealylz@japanpost.jp,Male,40.77.194.244
793,Kali,Charke,kcharkem0@e-recht24.de,Female,38.197.42.237
794,Derril,Playle,dplaylem1@elpais.com,Male,208.168.122.55
795,Mercie,Karlolak,mkarlolakm2@diigo.com,Female,90.139.32.232
796,Olvan,Stooders,ostoodersm3@buzzfeed.com,Male,69.130.123.227
797,Isidoro,Sharratt,isharrattm4@github.io,Male,154.204.97.43
798,Lauren,Bulman,lbulmanm5@virginia.edu,Male,113.95.55.122
799,Ceil,Mullett,cmullettm6@noaa.gov,Female,157.198.238.123
800,Anetta,Snape,asnapem7@yahoo.com,Female,198.73.139.40
801,Merwyn,Vandenhoff,mvandenhoffm8@barnesandnoble.com,Male,18.201.180.101
802,Lexis,McAuley,lmcauleym9@chron.com,Female,12.188.125.170
803,Estrellita,Heers,eheersma@census.gov,Female,58.229.159.68
804,Waylen,Habbes,whabbesmb@livejournal.com,Male,50.252.64.54
805,Che,Corstorphine,ccorstorphinemc@google.co.uk,Male,1.233.38.146
806,Harriot,Rebbeck,hrebbeckmd@omniture.com,Female,244.63.130.180
807,Alano,Curtain,acurtainme@ebay.com,Male,52.47.189.233
808,Francesca,Alanbrooke,falanbrookemf@auda.org.au,Female,234.99.153.61
809,Elianore,Markey,emarkeymg@house.gov,Female,134.211.219.90
810,Cassius,Shipston,cshipstonmh@nymag.com,Male,31.97.14.200
811,Paxton,Eager,peagermi@nsw.gov.au,Male,233.87.170.136
812,Tailor,Tilney,ttilneymj@cmu.edu,Male,160.46.96.71
813,Linnea,Coop,lcoopmk@toplist.cz,Female,105.115.203.123
814,Krisha,Haith,khaithml@github.io,Male,124.1.154.133
815,Mirna,McShane,mmcshanemm@nih.gov,Female,31.78.48.202
816,Feliks,Marsden,fmarsdenmn@timesonline.co.uk,Male,173.162.155.5
817,Kingston,Chipping,kchippingmo@surveymonkey.com,Male,69.109.123.255
818,Yolanthe,Scopes,yscopesmp@sitemeter.com,Female,224.239.158.220
819,Cayla,McGaraghan,cmcgaraghanmq@jiathis.com,Female,249.20.125.28
820,Warren,Arendt,warendtmr@ft.com,Male,174.213.201.225
821,D'arcy,Grassin,dgrassinms@scribd.com,Male,212.245.218.20
822,Haywood,Dewitt,hdewittmt@amazon.de,Male,42.20.33.184
823,Coleen,Crocket,ccrocketmu@adobe.com,Female,103.12.195.31
824,Claiborne,Forsey,cforseymv@i2i.jp,Male,30.159.104.211
825,Berk,Lapere,blaperemw@bandcamp.com,Male,40.131.0.238
826,Carmela,MacWhirter,cmacwhirtermx@hud.gov,Female,2.128.197.110
827,Dulcine,Wrinch,dwrinchmy@mayoclinic.com,Female,175.82.22.41
828,Tabbie,Deegin,tdeeginmz@freewebs.com,Male,155.120.3.24
829,Tremain,Pillifant,tpillifantn0@latimes.com,Male,255.198.72.137
830,Herb,McGorman,hmcgormann1@t.co,Male,29.243.54.49
831,Addie,Outerbridge,aouterbridgen2@shinystat.com,Male,170.113.132.134
832,Tucker,Kuhndel,tkuhndeln3@google.com.au,Male,149.84.203.222
833,Barthel,Felderer,bfelderern4@biglobe.ne.jp,Male,18.94.23.146
834,Leonardo,Buttfield,lbuttfieldn5@usnews.com,Male,70.191.43.13
835,Wilmette,Brothers,wbrothersn6@hhs.gov,Female,3.156.54.93
836,Henderson,McMeekin,hmcmeekinn7@usda.gov,Male,20.36.213.126
837,David,Januszewski,djanuszewskin8@stanford.edu,Male,120.109.141.24
838,Idaline,Slafford,islaffordn9@archive.org,Female,163.235.84.134
839,Martita,Swallow,mswallowna@hud.gov,Female,130.173.147.78
840,Harmon,Clausen,hclausennb@google.es,Male,82.179.49.45
841,Ileana,Skett,iskettnc@123-reg.co.uk,Female,162.250.31.165
842,Boony,Ghost,bghostnd@mlb.com,Male,112.156.151.155
843,Shellysheldon,Jedrychowski,sjedrychowskine@printfriendly.com,Male,102.140.193.111
844,Kayle,Kingerby,kkingerbynf@google.co.jp,Female,174.24.81.84
845,Brigitta,Asel,baselng@unc.edu,Female,34.2.113.170
846,Piper,Bownas,pbownasnh@dyndns.org,Female,2.13.254.56
847,Robinia,Spender,rspenderni@goo.gl,Female,7.57.210.226
848,Brod,Simm,bsimmnj@apple.com,Male,75.60.155.236
849,Saxe,Sawforde,ssawfordenk@guardian.co.uk,Male,9.251.89.177
850,Pippo,Esche,peschenl@mediafire.com,Male,77.185.213.202
851,Chryste,Jovis,cjovisnm@usatoday.com,Female,180.247.195.119
852,Dru,Szach,dszachnn@indiegogo.com,Female,249.203.143.32
853,Rab,Ricardet,rricardetno@cisco.com,Male,19.111.246.8
854,Toby,Lewis,tlewisnp@joomla.org,Female,149.177.171.135
855,Fitz,Gyver,fgyvernq@zdnet.com,Male,64.143.35.155
856,Kalvin,Cardenoso,kcardenosonr@nature.com,Male,2.82.168.159
857,Tamarah,Anthill,tanthillns@edublogs.org,Female,8.7.100.227
858,Myrah,Tant,mtantnt@bluehost.com,Female,186.64.42.143
859,Skye,Ingarfield,singarfieldnu@photobucket.com,Male,17.1.145.177
860,Ashlen,Bothe,abothenv@gmpg.org,Female,118.96.235.51
861,Harlin,O'Hartagan,hohartagannw@epa.gov,Male,139.227.167.73
862,Hallsy,Ohanessian,hohanessiannx@github.io,Male,200.159.29.171
863,Henry,O'Bradden,hobraddenny@friendfeed.com,Male,60.199.206.193
864,Allister,Grosvener,agrosvenernz@ocn.ne.jp,Male,49.214.127.75
865,Olivia,Basindale,obasindaleo0@netvibes.com,Female,57.226.159.2
866,Rickey,Worral,rworralo1@slashdot.org,Male,204.134.183.93
867,Kaitlyn,Dymoke,kdymokeo2@squidoo.com,Female,229.164.144.247
868,Mabelle,Esler,meslero3@ifeng.com,Female,20.149.179.47
869,Parker,Toop,ptoopo4@youku.com,Male,241.125.234.42
870,Ursulina,Girk,ugirko5@msn.com,Female,203.59.240.245
871,Dennie,Schutze,dschutzeo6@photobucket.com,Male,151.218.76.31
872,Stu,Andrioni,sandrionio7@freewebs.com,Male,185.141.3.71
873,Ara,Werendell,awerendello8@com.com,Female,31.181.252.132
874,Andrey,Iaduccelli,aiaduccellio9@squarespace.com,Male,228.11.38.168
875,Merilyn,Portman,mportmanoa@nsw.gov.au,Female,230.124.42.41
876,Trace,Derricoat,tderricoatob@youku.com,Male,48.171.42.76
877,Phillipp,Tribell,ptribelloc@nifty.com,Male,164.32.116.67
878,Colline,Ibanez,cibanezod@disqus.com,Female,92.217.173.84
879,Constantia,Fulep,cfulepoe@wiley.com,Female,162.195.203.184
880,Leo,Wellbeloved,lwellbelovedof@dailymotion.com,Male,115.139.202.48
881,Eduard,Lidbetter,elidbetterog@google.co.uk,Male,137.5.237.68
882,Avram,Sebire,asebireoh@bandcamp.com,Male,72.88.70.103
883,Clementina,Labern,clabernoi@pinterest.com,Female,243.108.29.176
884,Adah,Hofer,ahoferoj@spotify.com,Female,65.111.144.176
885,Winnifred,Benbough,wbenboughok@opera.com,Female,120.25.77.24
886,Stephen,Bushill,sbushillol@youtube.com,Male,156.139.185.201
887,Hailey,Van Ross,hvanrossom@techcrunch.com,Male,253.116.222.139
888,Annemarie,Woollam,awoollamon@ehow.com,Female,49.167.26.230
889,Scarface,McIlvoray,smcilvorayoo@e-recht24.de,Male,111.122.22.27
890,Isaiah,Veasey,iveaseyop@prweb.com,Male,63.186.210.244
891,Tirrell,Rayson,traysonoq@simplemachines.org,Male,35.86.220.253
892,Dulci,Haslam,dhaslamor@redcross.org,Female,115.95.60.224
893,Anna-maria,Pitson,apitsonos@bigcartel.com,Female,157.221.104.58
894,Paige,Ovid,povidot@cafepress.com,Female,87.0.29.55
895,Wolfgang,Hawkeswood,whawkeswoodou@moonfruit.com,Male,176.14.182.91
896,Lucita,Sandiland,lsandilandov@virginia.edu,Female,141.34.199.254
897,Clarie,Hitzmann,chitzmannow@myspace.com,Female,55.27.105.135
898,Leoine,Mugford,lmugfordox@ask.com,Female,200.242.250.59
899,Gwendolen,Bampford,gbampfordoy@symantec.com,Female,12.175.89.36
900,Betteanne,Cuddon,bcuddonoz@army.mil,Female,149.99.50.255
901,Henderson,O'Halloran,hohalloranp0@discovery.com,Male,231.50.245.221
902,Brent,Burtwistle,bburtwistlep1@huffingtonpost.com,Male,108.209.156.106
903,Mechelle,Worsfield,mworsfieldp2@huffingtonpost.com,Female,4.96.247.199
904,Silva,Emmatt,semmattp3@springer.com,Female,187.93.100.105
905,Koral,Gookey,kgookeyp4@barnesandnoble.com,Female,249.186.138.202
906,Joyous,Tully,jtullyp5@dailymotion.com,Female,91.154.89.80
907,Shadow,Minette,sminettep6@cornell.edu,Male,247.66.139.207
908,Hamid,Ceely,hceelyp7@nasa.gov,Male,147.141.67.223
909,Salaidh,Bremen,sbremenp8@comcast.net,Female,54.1.239.68
910,Brendis,Louys,blouysp9@sakura.ne.jp,Male,164.201.90.101
911,Melisande,Oakeshott,moakeshottpa@slideshare.net,Female,60.195.66.220
912,Phebe,Jackalin,pjackalinpb@cornell.edu,Female,232.96.51.168
913,Sinclare,Petrushkevich,spetrushkevichpc@ezinearticles.com,Male,238.3.216.11
914,Julie,Malitrott,jmalitrottpd@jiathis.com,Female,80.253.149.218
915,Clementina,Joplin,cjoplinpe@samsung.com,Female,191.37.91.111
916,Alon,Musicka,amusickapf@mit.edu,Male,196.146.29.127
917,Kathryn,Fallis,kfallispg@eventbrite.com,Female,144.151.149.51
918,Ianthe,Blackaller,iblackallerph@devhub.com,Female,167.173.24.6
919,Trip,Jiru,tjirupi@unesco.org,Male,253.240.100.76
920,Patty,Oene,poenepj@nymag.com,Female,151.30.129.144
921,Neron,Wiltshear,nwiltshearpk@csmonitor.com,Male,142.184.24.109
922,Sybille,Begwell,sbegwellpl@shutterfly.com,Female,60.162.17.152
923,Alyss,Mumbeson,amumbesonpm@uol.com.br,Female,222.204.122.165
924,Hildy,Stewart,hstewartpn@reverbnation.com,Female,219.123.213.104
925,Corabel,Conklin,cconklinpo@google.co.uk,Female,198.50.193.164
926,Vanny,Le Brum,vlebrumpp@quantcast.com,Female,23.34.92.238
927,Nonah,Kiltie,nkiltiepq@pagesperso-orange.fr,Female,27.117.217.82
928,Tamas,Daice,tdaicepr@ocn.ne.jp,Male,202.242.154.1
929,Purcell,Drepp,pdreppps@vk.com,Male,23.198.119.21
930,Oliy,Tutton,otuttonpt@deliciousdays.com,Female,120.182.26.110
931,Codi,Demare,cdemarepu@tamu.edu,Female,195.171.109.85
932,Bradley,Elsy,belsypv@vimeo.com,Male,114.14.181.68
933,Yorker,Andrzejczak,yandrzejczakpw@4shared.com,Male,241.32.103.84
934,Keir,Hankey,khankeypx@soup.io,Male,198.102.249.180
935,Hyacinthe,Gwynne,hgwynnepy@nsw.gov.au,Female,100.125.99.149
936,Bron,Kinglesyd,bkinglesydpz@reverbnation.com,Male,90.50.53.165
937,Dasi,Potzold,dpotzoldq0@wikispaces.com,Female,153.94.183.126
938,Susan,Mandre,smandreq1@rediff.com,Female,246.129.203.159
939,Riordan,Gwalter,rgwalterq2@bluehost.com,Male,223.230.0.89
940,Molli,Benterman,mbentermanq3@sfgate.com,Female,188.55.72.251
941,Zolly,Izkoveski,zizkoveskiq4@homestead.com,Male,222.90.18.97
942,Griffith,Betjes,gbetjesq5@marketwatch.com,Male,135.185.159.28
943,Daria,Foggo,dfoggoq6@youtu.be,Female,228.254.172.148
944,Kitti,Asif,kasifq7@diigo.com,Female,191.246.173.76
945,Annice,Roddan,aroddanq8@toplist.cz,Female,165.83.9.16
946,Kenn,Botten,kbottenq9@independent.co.uk,Male,65.61.233.36
947,Dannel,Asker,daskerqa@google.com.hk,Male,235.36.199.174
948,Esdras,Isakovitch,eisakovitchqb@digg.com,Male,24.42.201.55
949,Mehetabel,Christophersen,mchristophersenqc@twitter.com,Female,56.71.65.6
950,Harri,Sweetenham,hsweetenhamqd@berkeley.edu,Female,243.179.189.108
951,Mason,Nesfield,mnesfieldqe@1688.com,Male,8.111.35.101
952,Bettye,Strangeway,bstrangewayqf@nsw.gov.au,Female,17.22.2.11
953,Violetta,Nisius,vnisiusqg@ezinearticles.com,Female,83.55.149.225
954,Reade,Pierce,rpierceqh@hugedomains.com,Male,168.28.210.96
955,Vanessa,Klaus,vklausqi@photobucket.com,Female,73.194.28.241
956,Thibaut,Gartrell,tgartrellqj@wsj.com,Male,213.182.164.92
957,Lynnell,Aldcorne,laldcorneqk@yolasite.com,Female,9.138.125.127
958,Tobin,Donovan,tdonovanql@omniture.com,Male,185.235.211.211
959,Lenee,Rumble,lrumbleqm@mozilla.org,Female,188.196.115.215
960,Harcourt,Graddon,hgraddonqn@mediafire.com,Male,59.209.124.76
961,Wendy,Behrens,wbehrensqo@bandcamp.com,Female,138.250.36.189
962,Gisele,Traite,gtraiteqp@yahoo.co.jp,Female,41.7.208.205
963,Aguistin,Lakin,alakinqq@is.gd,Male,17.192.117.218
964,Marshal,Amorts,mamortsqr@addtoany.com,Male,15.86.46.243
965,Bridgette,Hemshall,bhemshallqs@ocn.ne.jp,Female,61.5.93.151
966,Joelly,Corton,jcortonqt@house.gov,Female,131.53.221.219
967,Faith,Suermeier,fsuermeierqu@webs.com,Female,166.19.187.204
968,Tommie,Cornick,tcornickqv@earthlink.net,Female,80.252.239.131
969,Talyah,Seagar,tseagarqw@sciencedaily.com,Female,35.109.187.188
970,Harvey,Gawthrop,hgawthropqx@indiegogo.com,Male,252.46.126.69
971,Wallas,Powney,wpowneyqy@skype.com,Male,88.184.80.255
972,Weider,Iacopo,wiacopoqz@google.com.au,Male,48.70.66.130
973,Fran,Timbrell,ftimbrellr0@ibm.com,Female,79.223.123.52
974,Stephine,Dennitts,sdennittsr1@ameblo.jp,Female,19.155.127.145
975,Randolph,Linny,rlinnyr2@cloudflare.com,Male,166.186.182.251
976,Banky,Crosgrove,bcrosgrover3@skype.com,Male,22.164.207.37
977,Billye,Gurnell,bgurnellr4@squarespace.com,Female,231.250.252.71
978,Violette,Lyst,vlystr5@hugedomains.com,Female,120.208.140.70
979,Trip,Borg-Bartolo,tborgbartolor6@miibeian.gov.cn,Male,135.18.1.129
980,Kipper,Fanthome,kfanthomer7@google.com.hk,Male,19.8.43.246
981,Charmain,Kurth,ckurthr8@bbb.org,Female,161.86.227.84
982,Tedra,Itzkovsky,titzkovskyr9@samsung.com,Female,197.17.98.62
983,Reece,Sinclair,rsinclairra@freewebs.com,Male,37.143.250.121
984,Raul,Dyte,rdyterb@myspace.com,Male,170.96.100.89
985,Basia,McCaskill,bmccaskillrc@taobao.com,Female,122.250.235.183
986,Vanya,Suffe,vsufferd@e-recht24.de,Male,198.172.158.248
987,Alec,Cashmore,acashmorere@ucsd.edu,Male,192.197.5.229
988,Stephine,Quilleash,squilleashrf@amazon.com,Female,130.194.123.219
989,Elisha,Druitt,edruittrg@mtv.com,Female,88.238.161.237
990,Rab,Barkaway,rbarkawayrh@amazon.co.jp,Male,68.60.57.118
991,Peterus,Yeandel,pyeandelri@independent.co.uk,Male,151.233.8.223
992,Tadeas,Karpfen,tkarpfenrj@cam.ac.uk,Male,10.111.152.149
993,Agace,Elcomb,aelcombrk@hexun.com,Female,15.215.34.137
994,Dionis,Verheyden,dverheydenrl@vk.com,Female,186.253.221.242
995,Sebastian,Daldan,sdaldanrm@booking.com,Male,223.144.83.200
996,Scott,Gracey,sgraceyrn@auda.org.au,Male,21.35.177.6
997,Antonina,Courtois,acourtoisro@arizona.edu,Female,166.251.207.204
998,Maryrose,Porte,mporterp@amazon.co.jp,Female,190.18.188.110
999,Florinda,Dadge,fdadgerq@comcast.net,Female,31.110.60.238
1000,Ethelbert,Gildea,egildearr@spiegel.de,Male,203.116.235.231
