id,first_name,last_name,email,gender,ip_address
1,Lorri,Dockwra,ldockwra0@dell.com,Female,206.142.71.168
2,Gary,Piddington,gpiddington1@amazon.de,Male,4.6.122.245
3,Bridget,Boylin,bboylin2@jugem.jp,Female,58.82.92.47
4,Gusti,Overnell,governell3@pagesperso-orange.fr,Female,77.62.108.88
5,Sofia,Armiger,sarmiger4@smh.com.au,Female,204.139.7.130
6,Reuben,Lyman,rlyman5@cam.ac.uk,Male,148.179.254.158
7,Raf,Janek,rjanek6@mozilla.org,Female,182.8.156.163
8,Carmel,Melendez,cmelendez7@t.co,Female,184.155.164.82
9,Mortie,Keneleyside,mkeneleyside8@google.de,Male,172.44.129.101
10,Davide,Fritchley,dfritchley9@psu.edu,Male,200.52.20.147
11,Warner,McGeown,wmcgeowna@usnews.com,Male,220.194.71.221
12,Paddy,Forte,pforteb@cpanel.net,Male,200.87.37.121
13,Cesar,Germain,cgermainc@wix.com,Male,106.41.83.214
14,Rriocard,Schoales,rschoalesd@goo.ne.jp,Male,239.13.46.48
15,Erhart,Keilloh,ekeillohe@census.gov,Male,238.155.210.50
16,Daniella,Bausmann,dbausmannf@soup.io,Female,242.47.69.39
17,Essy,Galvin,egalving@amazon.co.uk,Female,193.164.151.155
18,Ardra,Semerad,asemeradh@163.com,Female,7.86.245.50
19,Felita,Garioch,fgariochi@chron.com,Female,232.62.88.68
20,Meagan,Diment,mdimentj@newsvine.com,Female,118.60.11.184
21,Colby,Titchener,ctitchenerk@aboutads.info,Male,226.249.104.14
22,Aland,Emlin,aemlinl@cloudflare.com,Male,181.40.124.114
23,Jannel,Clail,jclailm@last.fm,Female,254.224.18.109
24,Linoel,Espinay,lespinayn@t-online.de,Male,101.91.218.242
25,June,Haddacks,jhaddackso@jugem.jp,Female,32.76.51.54
26,Coretta,Sommerling,csommerlingp@irs.gov,Female,64.25.73.16
27,Rosalia,Shortcliffe,rshortcliffeq@flickr.com,Female,113.107.9.79
28,Torrin,Fauning,tfauningr@seesaa.net,Male,218.97.149.3
29,Arlyn,Berndsen,aberndsens@nih.gov,Female,161.47.48.150
30,Nobe,Coniam,nconiamt@archive.org,Male,179.123.98.242
31,Lona,MacNeilley,lmacneilleyu@instagram.com,Female,109.81.136.23
32,Alano,Ramsay,aramsayv@domainmarket.com,Male,197.101.98.70
33,Benito,Deery,bdeeryw@clickbank.net,Male,95.145.40.20
34,Devonna,Beilby,dbeilbyx@hc360.com,Female,8.31.28.9
35,Con,Meaders,cmeadersy@goo.gl,Male,16.183.29.3
36,Levy,Smythe,lsmythez@jalbum.net,Male,101.46.28.104
37,Cissy,Munnery,cmunnery10@gnu.org,Female,114.6.111.69
38,Aguie,Shyre,ashyre11@skyrock.com,Male,136.84.172.201
39,Rivi,Secret,rsecret12@java.com,Female,100.107.32.54
40,Cosmo,Roder,croder13@1und1.de,Male,122.54.154.174
41,Alia,Sanday,asanday14@gov.uk,Female,124.34.234.89
42,Ellyn,Klamman,eklamman15@biglobe.ne.jp,Female,96.180.165.13
43,Hastings,Ciottoi,hciottoi16@theguardian.com,Male,157.108.155.89
44,Estrella,McMorran,emcmorran17@hubpages.com,Female,248.78.194.212
45,Tallie,Eberz,teberz18@storify.com,Male,25.161.17.231
46,Lena,Wilshire,lwilshire19@jiathis.com,Female,248.244.98.84
47,Marlie,Emmison,memmison1a@icio.us,Female,210.29.216.179
48,Evered,Patching,epatching1b@mlb.com,Male,73.77.233.89
49,Mill,Godbald,mgodbald1c@ezinearticles.com,Male,233.81.151.55
50,Ario,Lambdin,alambdin1d@jimdo.com,Male,67.114.5.34
51,Randolf,Henke,rhenke1e@dion.ne.jp,Male,192.63.32.146
52,Georgetta,Greswell,ggreswell1f@sohu.com,Female,242.116.233.0
53,Charline,Curlis,ccurlis1g@tripod.com,Female,46.163.181.19
54,Myron,Wrighton,mwrighton1h@npr.org,Male,232.129.117.201
55,Muffin,Thyer,mthyer1i@zimbio.com,Male,12.12.185.167
56,Frederic,Lamblot,flamblot1j@sphinn.com,Male,40.206.205.76
57,Burt,Baly,bbaly1k@timesonline.co.uk,Male,149.73.155.69
58,Kristi,Sussems,ksussems1l@over-blog.com,Female,16.241.91.45
59,Jasen,Tolchar,jtolchar1m@narod.ru,Male,58.31.72.201
60,Bil,Aloigi,baloigi1n@topsy.com,Male,77.196.28.83
61,Gael,Sleep,gsleep1o@sourceforge.net,Male,144.87.87.110
62,Jethro,Benkhe,jbenkhe1p@amazon.co.jp,Male,149.202.181.54
63,Evin,Barti,ebarti1q@toplist.cz,Male,118.22.203.70
64,Izaak,McKeating,imckeating1r@washington.edu,Male,3.38.80.246
65,Dalenna,Ganter,dganter1s@mapquest.com,Female,246.239.147.68
66,Cornelius,Grimsdith,cgrimsdith1t@telegraph.co.uk,Male,18.113.46.42
67,Trenton,Tellenbroker,ttellenbroker1u@nifty.com,Male,39.100.119.130
68,Augusta,Saddleton,asaddleton1v@jiathis.com,Female,15.184.92.249
69,Gaylord,Garshore,ggarshore1w@sakura.ne.jp,Male,106.200.1.244
70,Hugo,Rimes,hrimes1x@angelfire.com,Male,51.111.240.95
71,Bernardo,Coop,bcoop1y@goo.ne.jp,Male,198.26.168.33
72,Tracy,Faulder,tfaulder1z@dedecms.com,Male,51.162.209.42
73,Nedda,Crippes,ncrippes20@usa.gov,Female,151.196.185.155
74,Troy,Linford,tlinford21@timesonline.co.uk,Male,208.90.54.216
75,Kandace,Mordey,kmordey22@pbs.org,Female,78.123.101.75
76,Silvio,Poller,spoller23@quantcast.com,Male,28.44.49.176
77,Steven,Braidley,sbraidley24@miitbeian.gov.cn,Male,207.218.53.249
78,Trip,Privost,tprivost25@merriam-webster.com,Male,209.212.186.198
79,Leon,Brayson,lbrayson26@yale.edu,Male,205.52.168.234
80,Jacinta,Linger,jlinger27@salon.com,Female,202.180.23.42
81,Gabriel,Venditti,gvenditti28@taobao.com,Male,214.46.229.106
82,Marcellus,Bloom,mbloom29@shinystat.com,Male,91.121.35.171
83,Ora,McRorie,omcrorie2a@livejournal.com,Female,65.23.32.141
84,Rodney,Cardus,rcardus2b@123-reg.co.uk,Male,37.101.123.160
85,Tremayne,Beglin,tbeglin2c@ucoz.com,Male,11.114.224.127
86,Daniel,Kender,dkender2d@ehow.com,Male,112.167.113.207
87,Lem,Dibling,ldibling2e@scientificamerican.com,Male,1.92.151.172
88,Andie,Marchelli,amarchelli2f@noaa.gov,Female,168.151.242.220
89,Rod,Becerro,rbecerro2g@techcrunch.com,Male,44.33.10.170
90,Mina,Mollon,mmollon2h@over-blog.com,Female,120.4.187.210
91,Phil,MacLaren,pmaclaren2i@utexas.edu,Female,189.160.74.9
92,Tatum,Dwyer,tdwyer2j@naver.com,Female,112.227.94.1
93,Dasie,Epps,depps2k@bbc.co.uk,Female,73.52.105.122
94,Gael,Killbey,gkillbey2l@mediafire.com,Male,124.86.194.25
95,Nelie,Rivilis,nrivilis2m@goodreads.com,Female,225.152.139.19
96,Brigid,Erley,berley2n@census.gov,Female,207.18.221.97
97,Melloney,Vooght,mvooght2o@mozilla.org,Female,217.118.153.90
98,Dania,Venditto,dvenditto2p@nbcnews.com,Female,242.108.150.212
99,Rheta,Kenneway,rkenneway2q@behance.net,Female,24.138.210.141
100,Israel,Selwin,iselwin2r@wordpress.org,Male,40.12.40.122
101,Kristo,Sanday,ksanday2s@ning.com,Male,44.176.79.82
102,Jourdain,Cayser,jcayser2t@imdb.com,Male,72.118.61.139
103,Artair,Fincham,afincham2u@hud.gov,Male,174.192.36.183
104,Ketti,Sowrey,ksowrey2v@slideshare.net,Female,10.149.51.148
105,Griffie,Tutill,gtutill2w@123-reg.co.uk,Male,173.208.222.107
106,Prudi,Warden,pwarden2x@ftc.gov,Female,249.41.94.220
107,Caesar,Skilling,cskilling2y@wiley.com,Male,62.213.175.181
108,Penelopa,Sinnett,psinnett2z@go.com,Female,35.255.20.236
109,Gauthier,Woffinden,gwoffinden30@theglobeandmail.com,Male,5.106.248.225
110,Baron,Mcall,bmcall31@springer.com,Male,120.129.1.53
111,Rozalin,Roscoe,rroscoe32@so-net.ne.jp,Female,146.197.229.127
112,Adolpho,Bonsall,abonsall33@freewebs.com,Male,157.25.143.68
113,Ban,Abbate,babbate34@bbb.org,Male,207.49.41.198
114,Bing,Rendell,brendell35@washingtonpost.com,Male,152.252.144.162
115,Timmi,De Blasiis,tdeblasiis36@goo.ne.jp,Female,86.133.98.108
116,Bryan,Rozzier,brozzier37@linkedin.com,Male,217.164.206.133
117,Bearnard,Darton,bdarton38@wikia.com,Male,248.85.11.115
118,Karrie,Bloxsome,kbloxsome39@squidoo.com,Female,136.69.99.103
119,Traver,Lytton,tlytton3a@businessinsider.com,Male,220.91.219.228
120,Wake,Grima,wgrima3b@washingtonpost.com,Male,100.65.143.196
121,Hewitt,Petrou,hpetrou3c@sina.com.cn,Male,140.41.164.230
122,Rafe,Stokell,rstokell3d@a8.net,Male,9.21.58.178
123,Terrence,Cruddas,tcruddas3e@quantcast.com,Male,98.192.123.47
124,Derrick,Hatwells,dhatwells3f@patch.com,Male,39.42.62.253
125,Brade,Ravilious,bravilious3g@creativecommons.org,Male,168.47.52.188
126,Allegra,Arntzen,aarntzen3h@shinystat.com,Female,243.34.5.31
127,Krissie,Talloe,ktalloe3i@multiply.com,Female,217.192.240.142
128,Kerr,Florez,kflorez3j@toplist.cz,Male,185.104.46.94
129,Rube,Comusso,rcomusso3k@rakuten.co.jp,Male,66.9.21.68
130,Lotti,Poser,lposer3l@issuu.com,Female,226.209.210.49
131,Pren,Trudgian,ptrudgian3m@alexa.com,Male,82.178.83.67
132,Lars,McMeanma,lmcmeanma3n@meetup.com,Male,34.133.81.89
133,Sayers,Perritt,sperritt3o@techcrunch.com,Male,23.156.62.215
134,Lucien,Hartly,lhartly3p@bbb.org,Male,86.66.96.120
135,Melisent,Korfmann,mkorfmann3q@4shared.com,Female,201.11.224.58
136,Percival,Axcell,paxcell3r@japanpost.jp,Male,48.182.20.161
137,Mufi,Demaid,mdemaid3s@amazon.de,Female,26.183.85.134
138,Marleen,Ksandra,mksandra3t@facebook.com,Female,153.220.209.156
139,Jasmin,Simonini,jsimonini3u@wordpress.com,Female,193.239.144.170
140,Reena,Kneale,rkneale3v@macromedia.com,Female,248.140.192.135
141,Pryce,Baggott,pbaggott3w@newsvine.com,Male,108.62.218.16
142,Nataniel,Lesek,nlesek3x@mayoclinic.com,Male,102.72.125.145
143,Lianne,Tilly,ltilly3y@marriott.com,Female,205.68.65.4
144,Glenna,Keeffe,gkeeffe3z@goo.gl,Female,138.209.39.116
145,Elsy,Masdon,emasdon40@weebly.com,Female,142.192.206.26
146,Gilberto,Oglethorpe,goglethorpe41@oakley.com,Male,235.66.239.166
147,Jonas,De Biasi,jdebiasi42@seattletimes.com,Male,163.23.154.103
148,Jaimie,Maureen,jmaureen43@free.fr,Male,219.197.10.141
149,Stephani,Scarratt,sscarratt44@netscape.com,Female,150.1.48.0
150,Adrienne,Waber,awaber45@earthlink.net,Female,82.13.135.42
151,Der,Elie,delie46@indiegogo.com,Male,218.75.108.8
152,Lanni,Langabeer,llangabeer47@ibm.com,Female,179.16.101.19
153,Mahmud,Dabnor,mdabnor48@vistaprint.com,Male,165.225.58.249
154,Nance,Markussen,nmarkussen49@cloudflare.com,Female,128.186.231.83
155,Norine,Natte,nnatte4a@opensource.org,Female,140.83.156.19
156,Aubree,Extil,aextil4b@foxnews.com,Female,43.106.13.164
157,Vern,Goldsmith,vgoldsmith4c@blogspot.com,Male,135.170.163.161
158,Sarene,Fould,sfould4d@usatoday.com,Female,215.58.136.180
159,Dario,Vittori,dvittori4e@geocities.jp,Male,139.137.84.173
160,Rog,Skaif,rskaif4f@tamu.edu,Male,220.255.47.215
161,Jennilee,Bagge,jbagge4g@ox.ac.uk,Female,100.87.71.211
162,Serge,Borborough,sborborough4h@weebly.com,Male,255.244.123.100
163,Domenic,Penhalurick,dpenhalurick4i@webmd.com,Male,64.178.102.61
164,Frasquito,Tawton,ftawton4j@friendfeed.com,Male,208.245.43.90
165,Nollie,Gilvear,ngilvear4k@netscape.com,Female,142.106.204.49
166,Donalt,Charopen,dcharopen4l@rakuten.co.jp,Male,204.93.212.176
167,Greggory,Skinn,gskinn4m@mail.ru,Male,54.130.75.186
168,Marie-jeanne,Gaw,mgaw4n@xrea.com,Female,130.235.99.159
169,Filbert,Jaram,fjaram4o@bravesites.com,Male,252.72.226.205
170,Fulvia,Floch,ffloch4p@sourceforge.net,Female,70.75.79.206
171,Genovera,Hefner,ghefner4q@stumbleupon.com,Female,207.115.100.177
172,Berky,Kennagh,bkennagh4r@cyberchimps.com,Male,173.22.131.91
173,Rona,Millichip,rmillichip4s@w3.org,Female,213.114.200.158
174,Sula,McIlwreath,smcilwreath4t@fotki.com,Female,121.208.183.173
175,Osborn,Spirit,ospirit4u@cbslocal.com,Male,93.127.223.69
176,Emelen,Artin,eartin4v@yandex.ru,Male,145.97.214.201
177,Grannie,Tremaine,gtremaine4w@ted.com,Male,131.88.163.45
178,Foster,Le Borgne,fleborgne4x@howstuffworks.com,Male,57.97.234.148
179,Alfredo,Getty,agetty4y@sitemeter.com,Male,30.105.180.120
180,Neill,Freckelton,nfreckelton4z@google.com,Male,55.225.34.5
181,Garold,Van der Spohr,gvanderspohr50@senate.gov,Male,148.190.182.236
182,Romola,Killigrew,rkilligrew51@tinyurl.com,Female,162.86.153.254
183,Ingram,Lace,ilace52@hubpages.com,Male,11.21.95.133
184,Levin,Prahm,lprahm53@networksolutions.com,Male,14.147.182.20
185,Willow,Andriolli,wandriolli54@paypal.com,Female,35.38.60.192
186,Lynett,Berkely,lberkely55@live.com,Female,58.135.253.86
187,Wash,Donaway,wdonaway56@psu.edu,Male,199.165.18.108
188,Cora,Arnott,carnott57@taobao.com,Female,117.237.161.24
189,Nikolos,Plumridge,nplumridge58@so-net.ne.jp,Male,163.102.209.63
190,Van,Holborn,vholborn59@ask.com,Male,43.239.96.218
191,Merla,Du Plantier,mduplantier5a@omniture.com,Female,110.12.5.168
192,Imogen,Lovart,ilovart5b@ted.com,Female,107.50.130.173
193,Theda,Savery,tsavery5c@hexun.com,Female,16.7.128.222
194,Marten,Blakesley,mblakesley5d@tinyurl.com,Male,87.159.86.170
195,Jessey,Neljes,jneljes5e@xrea.com,Male,131.18.66.51
196,Gwyneth,Kubyszek,gkubyszek5f@elpais.com,Female,166.233.140.59
197,Eulalie,Buddleigh,ebuddleigh5g@networksolutions.com,Female,191.38.87.53
198,Ximenez,Steventon,xsteventon5h@booking.com,Male,71.141.202.22
199,Gunner,Sells,gsells5i@npr.org,Male,127.127.37.160
200,Barbabas,Southwell,bsouthwell5j@deviantart.com,Male,84.236.86.222
201,Gwynne,Caltera,gcaltera5k@about.com,Female,69.220.226.33
202,Rae,Lynde,rlynde5l@delicious.com,Female,123.92.91.192
203,Roxine,Wulfinger,rwulfinger5m@ucla.edu,Female,70.137.157.213
204,Michele,Carver,mcarver5n@earthlink.net,Male,48.202.227.16
205,Clarke,Witherup,cwitherup5o@google.nl,Male,219.177.6.121
206,Lennard,Nicholls,lnicholls5p@howstuffworks.com,Male,93.114.69.7
207,Avery,Fominov,afominov5q@studiopress.com,Male,20.160.166.101
208,Jennilee,Danjoie,jdanjoie5r@biglobe.ne.jp,Female,75.44.49.75
209,Cleveland,McShee,cmcshee5s@dagondesign.com,Male,206.126.106.173
210,Lloyd,Elphey,lelphey5t@ebay.com,Male,213.215.4.147
211,Louis,Gasperi,lgasperi5u@java.com,Male,139.74.57.184
212,Hobey,Merle,hmerle5v@indiegogo.com,Male,100.112.160.82
213,Rhea,Southerton,rsoutherton5w@phpbb.com,Female,54.230.189.101
214,Beckie,Ousbie,bousbie5x@si.edu,Female,222.89.69.50
215,Bendicty,MacGeaney,bmacgeaney5y@vkontakte.ru,Male,163.220.129.179
216,Emmeline,Gonning,egonning5z@arstechnica.com,Female,191.164.150.147
217,Briano,Heeley,bheeley60@cargocollective.com,Male,164.44.205.78
218,Leo,Parks,lparks61@google.co.jp,Male,8.148.58.144
219,Steven,Campion,scampion62@rediff.com,Male,47.215.4.206
220,Sanford,Maylard,smaylard63@yellowpages.com,Male,219.230.201.70
221,Ronalda,Shipman,rshipman64@google.ca,Female,111.206.232.202
222,Fonzie,Pomfrett,fpomfrett65@cmu.edu,Male,90.189.19.32
223,Caleb,Killner,ckillner66@narod.ru,Male,188.8.146.93
224,Cleveland,Dufty,cdufty67@thetimes.co.uk,Male,221.107.119.163
225,Arlyn,Jikylls,ajikylls68@opera.com,Female,64.9.221.211
226,Jasmin,Baughn,jbaughn69@github.com,Female,130.152.3.245
227,Ewart,Moyes,emoyes6a@cafepress.com,Male,162.179.132.3
228,Bjorn,Roundtree,broundtree6b@omniture.com,Male,33.2.139.197
229,Stirling,Pacey,spacey6c@wikimedia.org,Male,244.188.186.132
230,Yulma,Priestnall,ypriestnall6d@gnu.org,Male,183.194.191.5
231,Mattheus,Clemenzi,mclemenzi6e@symantec.com,Male,27.190.218.7
232,Brittney,Benny,bbenny6f@trellian.com,Female,70.118.91.68
233,Dore,Cuffin,dcuffin6g@blogspot.com,Female,159.184.30.201
234,Barbe,Buret,bburet6h@domainmarket.com,Female,31.206.168.170
235,Say,Arends,sarends6i@gnu.org,Male,109.240.15.227
236,Mitchael,Floyde,mfloyde6j@a8.net,Male,249.142.167.251
237,Chloette,Fadden,cfadden6k@techcrunch.com,Female,36.60.157.18
238,Oneida,Apfelmann,oapfelmann6l@themeforest.net,Female,20.29.99.140
239,Flore,Denisot,fdenisot6m@ucoz.ru,Female,173.108.124.142
240,Forester,Shorbrook,fshorbrook6n@yellowpages.com,Male,87.114.134.128
241,Lemmy,Sherrin,lsherrin6o@wikipedia.org,Male,66.147.214.177
242,Cad,Garrick,cgarrick6p@nbcnews.com,Male,44.246.156.118
243,Sax,Izhak,sizhak6q@ovh.net,Male,236.25.255.56
244,Rosanne,Thackeray,rthackeray6r@elpais.com,Female,54.219.36.148
245,Devland,Elizabeth,delizabeth6s@instagram.com,Male,24.15.114.197
246,Hynda,Wenham,hwenham6t@apache.org,Female,133.143.53.50
247,Aron,Halt,ahalt6u@desdev.cn,Male,192.62.178.41
248,Mikol,Louca,mlouca6v@xrea.com,Male,158.132.68.190
249,Alecia,Carik,acarik6w@t-online.de,Female,194.95.241.56
250,Shepherd,Antliff,santliff6x@over-blog.com,Male,183.152.253.73
251,Phillip,Catt,pcatt6y@amazon.com,Male,6.219.88.17
252,Courtenay,Raiment,craiment6z@fotki.com,Female,249.29.189.151
253,Karee,McAw,kmcaw70@constantcontact.com,Female,40.231.33.82
254,Brendis,O'Drought,bodrought71@goodreads.com,Male,74.249.193.34
255,Pietrek,Flewitt,pflewitt72@free.fr,Male,44.162.212.138
256,Sinclare,Oakshott,soakshott73@smh.com.au,Male,209.47.15.179
257,Vernor,Doig,vdoig74@economist.com,Male,168.112.26.174
258,Kareem,Edgworth,kedgworth75@cloudflare.com,Male,228.212.172.139
259,Godwin,Laetham,glaetham76@qq.com,Male,216.246.251.103
260,Had,Stubbert,hstubbert77@si.edu,Male,204.74.130.85
261,Constance,Friedlos,cfriedlos78@technorati.com,Female,106.236.157.180
262,Wally,Brownsill,wbrownsill79@goo.ne.jp,Male,70.70.212.75
263,Sharron,Mulles,smulles7a@google.com,Female,142.176.91.9
264,Des,Whapples,dwhapples7b@gravatar.com,Male,16.219.49.249
265,Madel,Asling,masling7c@cam.ac.uk,Female,117.78.112.233
266,Rickie,Ellit,rellit7d@diigo.com,Male,114.198.116.18
267,Kaia,Berrisford,kberrisford7e@squarespace.com,Female,254.99.247.207
268,Whitaker,Cadore,wcadore7f@wp.com,Male,120.119.57.240
269,Zaneta,Gelderd,zgelderd7g@dmoz.org,Female,197.32.246.78
270,Caro,Josum,cjosum7h@msu.edu,Female,226.197.10.135
271,Gussie,Barkworth,gbarkworth7i@opera.com,Female,19.122.116.122
272,Sarah,Kernoghan,skernoghan7j@loc.gov,Female,103.107.129.210
273,Gustav,Eldridge,geldridge7k@wikia.com,Male,156.198.249.61
274,Clerc,Polkinhorn,cpolkinhorn7l@google.com.hk,Male,172.180.97.46
275,Clare,Hursey,chursey7m@nasa.gov,Male,156.75.91.104
276,Inge,Abeau,iabeau7n@pen.io,Female,116.122.49.161
277,Lorette,Heers,lheers7o@flickr.com,Female,14.219.168.93
278,Libbi,O'Harney,loharney7p@sourceforge.net,Female,50.18.222.235
279,Chiquita,Langman,clangman7q@jugem.jp,Female,77.78.1.95
280,Josephina,Draaisma,jdraaisma7r@nationalgeographic.com,Female,215.29.47.117
281,Levy,Cotgrave,lcotgrave7s@multiply.com,Male,127.16.226.154
282,Gusella,Pedrol,gpedrol7t@globo.com,Female,173.69.183.163
283,Freemon,Sowten,fsowten7u@google.nl,Male,226.104.27.167
284,Francyne,Stokell,fstokell7v@oracle.com,Female,74.204.23.9
285,Maisey,Chisnall,mchisnall7w@upenn.edu,Female,51.224.206.150
286,Sayre,Maudett,smaudett7x@blogspot.com,Male,45.155.11.4
287,Kellina,Ewan,kewan7y@shinystat.com,Female,8.134.168.33
288,Jenilee,Matten,jmatten7z@so-net.ne.jp,Female,0.198.35.105
289,Margit,Pearcehouse,mpearcehouse80@nps.gov,Female,5.192.208.195
290,Bibi,Fleeman,bfleeman81@goo.ne.jp,Female,96.175.102.229
291,Neron,Itzhak,nitzhak82@forbes.com,Male,76.90.105.240
292,Haslett,Latty,hlatty83@shinystat.com,Male,255.183.180.238
293,Inna,Ludewig,iludewig84@boston.com,Female,96.143.46.33
294,Gaile,Virgoe,gvirgoe85@diigo.com,Male,64.230.171.237
295,Bondon,Boler,bboler86@cbsnews.com,Male,211.244.6.20
296,Jimmy,Pawlyn,jpawlyn87@tinyurl.com,Male,213.172.186.202
297,Britta,Hirtz,bhirtz88@qq.com,Female,234.1.21.181
298,Odette,Allard,oallard89@feedburner.com,Female,142.203.48.199
299,Carmela,Laxe,claxe8a@technorati.com,Female,93.153.59.241
300,Baryram,Kinney,bkinney8b@odnoklassniki.ru,Male,146.232.243.237
301,Freida,Halburton,fhalburton8c@last.fm,Female,215.31.85.82
302,Jillian,Pardey,jpardey8d@phpbb.com,Female,196.132.42.156
303,Roselle,Borer,rborer8e@bandcamp.com,Female,121.157.88.66
304,Bil,Colleer,bcolleer8f@sina.com.cn,Male,14.113.186.3
305,Valentia,Rushby,vrushby8g@google.co.jp,Female,46.37.172.91
306,Broddy,Fernez,bfernez8h@springer.com,Male,203.103.76.217
307,Anetta,MacAlees,amacalees8i@soundcloud.com,Female,54.52.192.64
308,Chandler,Tatam,ctatam8j@nih.gov,Male,58.249.58.127
309,Konstance,Lenard,klenard8k@sitemeter.com,Female,189.128.153.79
310,Charlot,Jeppensen,cjeppensen8l@parallels.com,Female,156.235.30.41
311,Si,Dagnall,sdagnall8m@360.cn,Male,35.1.217.183
312,Phaidra,Coultass,pcoultass8n@joomla.org,Female,168.214.234.79
313,Andris,Athelstan,aathelstan8o@csmonitor.com,Male,204.164.157.195
314,Cecilia,Mabbutt,cmabbutt8p@51.la,Female,239.144.149.69
315,Eldridge,Brunke,ebrunke8q@apple.com,Male,101.57.183.49
316,Kennie,Emson,kemson8r@npr.org,Male,102.143.89.39
317,Mead,Roelofsen,mroelofsen8s@utexas.edu,Male,222.141.153.73
318,Gale,Salsberg,gsalsberg8t@omniture.com,Male,61.184.110.7
319,Alie,Basset,abasset8u@homestead.com,Female,152.184.255.95
320,Ralph,Havers,rhavers8v@princeton.edu,Male,158.237.26.60
321,Royal,Martinot,rmartinot8w@live.com,Male,177.27.143.181
322,Jeniffer,Gravenor,jgravenor8x@cnet.com,Female,255.189.245.188
323,Zackariah,Alban,zalban8y@geocities.jp,Male,249.206.189.239
324,Cybil,Howselee,chowselee8z@wunderground.com,Female,134.242.156.174
325,Upton,Jeffels,ujeffels90@imdb.com,Male,32.18.160.194
326,Cello,Bansal,cbansal91@prweb.com,Male,170.76.107.209
327,Nickolai,Driffill,ndriffill92@com.com,Male,230.11.133.26
328,Eimile,Steventon,esteventon93@arstechnica.com,Female,166.62.145.167
329,Moore,Groomebridge,mgroomebridge94@dagondesign.com,Male,228.236.109.64
330,Mathian,Caine,mcaine95@barnesandnoble.com,Male,102.0.189.102
331,Christoper,Bowcock,cbowcock96@tinypic.com,Male,98.21.34.59
332,Alan,Pflieger,apflieger97@redcross.org,Male,233.137.227.45
333,Ede,Whitebread,ewhitebread98@tuttocitta.it,Female,132.106.192.248
334,Ambrose,Tristram,atristram99@de.vu,Male,41.20.75.93
335,Sol,Petras,spetras9a@ehow.com,Male,60.110.234.26
336,Gates,Menier,gmenier9b@twitter.com,Female,122.244.169.125
337,Vin,Hache,vhache9c@ning.com,Female,237.5.213.189
338,Edsel,Antonovic,eantonovic9d@myspace.com,Male,161.18.196.45
339,Tandi,Hembling,thembling9e@bbb.org,Female,74.165.173.38
340,Arlana,Mac,amac9f@wufoo.com,Female,228.61.137.46
341,Marlo,Bleibaum,mbleibaum9g@technorati.com,Female,111.78.63.139
342,Mathilda,Emery,memery9h@webnode.com,Female,164.101.196.242
343,Denney,Mabbot,dmabbot9i@1und1.de,Male,80.193.247.78
344,Gloriana,Mogford,gmogford9j@domainmarket.com,Female,205.21.207.158
345,Grazia,Byres,gbyres9k@hugedomains.com,Female,117.101.60.164
346,Dalli,Randerson,dranderson9l@vimeo.com,Male,188.208.149.245
347,Maryrose,Sanney,msanney9m@discovery.com,Female,165.26.182.249
348,Palm,Hammersley,phammersley9n@whitehouse.gov,Male,200.206.24.34
349,Tommie,Scough,tscough9o@forbes.com,Male,153.8.139.135
350,Loren,Poure,lpoure9p@baidu.com,Male,147.169.87.218
351,Kendal,Lygoe,klygoe9q@epa.gov,Male,215.85.39.15
352,Malory,Hubball,mhubball9r@1688.com,Female,58.247.239.206
353,Lolly,Lesser,llesser9s@acquirethisname.com,Female,60.105.124.21
354,Allis,Dybbe,adybbe9t@huffingtonpost.com,Female,185.240.81.150
355,Vassili,Hallbord,vhallbord9u@imageshack.us,Male,79.9.114.164
356,Derwin,Antonias,dantonias9v@wikipedia.org,Male,101.103.90.57
357,Crystal,Taw,ctaw9w@amazonaws.com,Female,233.131.112.29
358,Henderson,Haly,hhaly9x@mit.edu,Male,136.187.145.45
359,Bella,Ewan,bewan9y@gmpg.org,Female,33.119.100.38
360,Immanuel,Davion,idavion9z@wired.com,Male,185.144.46.124
361,Brier,Rack,bracka0@w3.org,Female,168.16.30.69
362,Charissa,Keld,ckelda1@comcast.net,Female,122.111.127.113
363,Conrade,Alessandrini,calessandrinia2@pagesperso-orange.fr,Male,80.85.219.61
364,Liva,Reiach,lreiacha3@gravatar.com,Female,254.31.149.57
365,Agata,Hentzeler,ahentzelera4@springer.com,Female,86.146.207.186
366,Weston,Ludl,wludla5@pcworld.com,Male,95.232.96.57
367,Hirsch,Abramson,habramsona6@yellowpages.com,Male,123.44.91.64
368,Witty,Stanway,wstanwaya7@cbslocal.com,Male,209.36.193.1
369,Cecilio,Twiddell,ctwiddella8@smh.com.au,Male,110.215.139.12
370,Marni,Gilpin,mgilpina9@apple.com,Female,197.182.88.60
371,Ariela,McAusland,amcauslandaa@studiopress.com,Female,195.34.189.198
372,Goddard,Oloshkin,goloshkinab@creativecommons.org,Male,240.232.148.206
373,Douglas,Forsdicke,dforsdickeac@guardian.co.uk,Male,147.228.242.228
374,Berkie,Lemin,bleminad@furl.net,Male,112.157.255.233
375,Rose,Sprull,rsprullae@biblegateway.com,Female,11.24.111.196
376,Gilberte,Jardin,gjardinaf@ted.com,Female,91.18.138.192
377,Jayson,Ugoni,jugoniag@360.cn,Male,88.98.21.62
378,Georgianna,Kalisch,gkalischah@soup.io,Female,240.135.78.229
379,Rosmunda,Pickton,rpicktonai@opera.com,Female,16.3.143.71
380,Araldo,Battabee,abattabeeaj@so-net.ne.jp,Male,34.152.140.68
381,Ruthanne,Schaben,rschabenak@vimeo.com,Female,206.70.74.173
382,Zahara,Arnoult,zarnoultal@quantcast.com,Female,79.139.209.103
383,Sergent,Stonard,sstonardam@foxnews.com,Male,10.146.214.124
384,Walton,Goman,wgomanan@mtv.com,Male,57.208.18.157
385,Aaren,Jendrich,ajendrichao@usnews.com,Female,145.187.175.14
386,Haley,Eltone,heltoneap@opera.com,Female,189.101.88.46
387,Sonny,Arpin,sarpinaq@xinhuanet.com,Male,70.247.243.145
388,Bill,Tatham,btathamar@sfgate.com,Female,103.28.55.117
389,Candra,Brandreth,cbrandrethas@fc2.com,Female,215.122.116.166
390,Wenonah,Shawe,wshaweat@chronoengine.com,Female,16.221.253.216
391,Halley,McClaren,hmcclarenau@infoseek.co.jp,Female,249.91.194.199
392,Elena,Rump,erumpav@dmoz.org,Female,41.22.243.221
393,Pascale,Aldham,paldhamaw@woothemes.com,Male,67.27.31.236
394,Josiah,Oury,jouryax@webeden.co.uk,Male,218.78.254.225
395,Tammy,Jonson,tjonsonay@opera.com,Male,185.217.188.124
396,Ludwig,Letchford,lletchfordaz@epa.gov,Male,196.58.106.254
397,Olivia,Frayne,ofrayneb0@state.tx.us,Female,225.54.122.211
398,Shelby,Plante,splanteb1@naver.com,Female,246.104.18.113
399,Cam,Corringham,ccorringhamb2@wufoo.com,Female,173.18.166.115
400,Andree,Pipes,apipesb3@irs.gov,Female,154.68.17.37
401,Jehanna,Lazenbury,jlazenburyb4@oakley.com,Female,71.63.241.75
402,Steven,Castle,scastleb5@mlb.com,Male,190.171.224.229
403,Keely,Methingam,kmethingamb6@com.com,Female,106.254.132.6
404,Trumaine,Ledwith,tledwithb7@goodreads.com,Male,169.228.100.148
405,Marcela,Gregg,mgreggb8@bigcartel.com,Female,81.220.186.17
406,Stanislaw,Vahl,svahlb9@intel.com,Male,1.0.100.77
407,Chrissie,Tesseyman,ctesseymanba@craigslist.org,Female,94.93.14.2
408,Stormie,Penny,spennybb@ning.com,Female,138.199.235.159
409,Teddie,Bussey,tbusseybc@businesswire.com,Male,238.34.69.244
410,Sigrid,Oby,sobybd@nymag.com,Female,102.237.161.230
411,Manuel,Dilks,mdilksbe@businessweek.com,Male,57.58.44.133
412,Herve,Dongles,hdonglesbf@twitter.com,Male,216.137.28.237
413,Selby,Giron,sgironbg@tuttocitta.it,Male,62.194.189.153
414,Willi,Hillan,whillanbh@plala.or.jp,Male,162.24.43.160
415,Codee,De Vaar,cdevaarbi@angelfire.com,Female,130.54.95.30
416,Toddy,Steenson,tsteensonbj@foxnews.com,Male,48.221.241.13
417,Irina,Gellert,igellertbk@cyberchimps.com,Female,170.205.170.87
418,Jessee,Heed,jheedbl@github.io,Male,42.35.222.223
419,Cristian,Smurfit,csmurfitbm@netlog.com,Male,241.141.36.60
420,Falito,Bergeon,fbergeonbn@theatlantic.com,Male,52.112.130.6
421,Amery,Wordington,awordingtonbo@geocities.com,Male,193.188.173.226
422,Fin,Spong,fspongbp@xinhuanet.com,Male,97.26.72.106
423,Ermin,Upshall,eupshallbq@cornell.edu,Male,17.89.249.174
424,Joey,Lethardy,jlethardybr@yellowpages.com,Female,91.55.255.229
425,Sabine,Bachanski,sbachanskibs@rakuten.co.jp,Female,224.99.114.181
426,Stanislaw,Crips,scripsbt@alexa.com,Male,229.40.151.47
427,Chrystel,Rideout,crideoutbu@census.gov,Female,249.221.54.239
428,Ileane,Selwyn,iselwynbv@oakley.com,Female,75.82.73.58
429,Franz,Boni,fbonibw@wikia.com,Male,239.8.19.111
430,Valene,Mowsdell,vmowsdellbx@moonfruit.com,Female,18.132.173.176
431,Ximenez,Bamborough,xbamboroughby@goo.gl,Male,77.33.103.254
432,Claudianus,Halpeine,chalpeinebz@scribd.com,Male,64.175.120.244
433,Betsy,Stanislaw,bstanislawc0@yelp.com,Female,50.165.166.82
434,Boycie,Ahrend,bahrendc1@ox.ac.uk,Male,169.172.200.98
435,Rutter,Fickling,rficklingc2@dmoz.org,Male,54.196.14.222
436,Kennett,Foucard,kfoucardc3@ehow.com,Male,67.184.137.173
437,Lou,Burgoyne,lburgoynec4@opensource.org,Female,107.152.205.163
438,Brent,Bulger,bbulgerc5@jigsy.com,Male,58.117.79.61
439,Barn,Saker,bsakerc6@4shared.com,Male,191.53.170.8
440,Jsandye,Pennoni,jpennonic7@usda.gov,Female,99.53.231.30
441,Carolus,Fetherstonhaugh,cfetherstonhaughc8@businessweek.com,Male,23.135.158.132
442,Lola,Patroni,lpatronic9@opera.com,Female,2.10.193.181
443,Selinda,Couroy,scouroyca@biglobe.ne.jp,Female,206.33.87.66
444,Ritchie,Crighten,rcrightencb@msu.edu,Male,84.238.28.155
445,Stevie,Geddes,sgeddescc@arizona.edu,Male,144.205.71.151
446,Benita,Drysdale,bdrysdalecd@economist.com,Female,177.118.64.36
447,Anne-marie,Pitkins,apitkinsce@yellowbook.com,Female,59.80.213.207
448,Rivalee,Poplee,rpopleecf@cloudflare.com,Female,93.205.171.11
449,Manfred,Kinsell,mkinsellcg@google.ca,Male,254.1.253.151
450,Shanna,Breit,sbreitch@naver.com,Female,32.179.43.228
451,Darda,Ellen,dellenci@opensource.org,Female,158.3.198.222
452,Garvy,Halleday,ghalledaycj@hao123.com,Male,77.91.224.113
453,Lesley,Joynes,ljoynesck@si.edu,Female,143.251.39.249
454,Aron,Hanscome,ahanscomecl@bloomberg.com,Male,219.31.50.217
455,Annice,Martellini,amartellinicm@psu.edu,Female,214.176.247.195
456,Monte,Padley,mpadleycn@wufoo.com,Male,24.12.128.29
457,Wally,Gainsford,wgainsfordco@wiley.com,Female,193.68.123.82
458,Simeon,Hebard,shebardcp@rakuten.co.jp,Male,129.38.22.172
459,Nathan,Shearwood,nshearwoodcq@nifty.com,Male,100.118.164.19
460,Sig,Garlant,sgarlantcr@free.fr,Male,134.130.254.228
461,Katharina,Ankers,kankerscs@t-online.de,Female,166.45.11.179
462,Matty,Clac,mclacct@wired.com,Female,28.254.73.195
463,Drusie,Benmore,dbenmorecu@java.com,Female,134.119.226.19
464,Gradeigh,Castlake,gcastlakecv@multiply.com,Male,46.249.243.213
465,Bambie,Flavelle,bflavellecw@ehow.com,Female,243.57.208.67
466,Xever,Bickerdyke,xbickerdykecx@springer.com,Male,80.174.166.18
467,William,Parres,wparrescy@webmd.com,Male,170.63.92.12
468,Urbano,Treacy,utreacycz@apache.org,Male,201.81.236.107
469,Garfield,Berriman,gberrimand0@mtv.com,Male,1.207.207.30
470,Rhody,Luker,rlukerd1@forbes.com,Female,181.30.20.149
471,Laird,O'Toole,lotooled2@weebly.com,Male,0.151.29.28
472,Inglebert,Caulwell,icaulwelld3@imdb.com,Male,53.10.127.44
473,Deborah,Parcells,dparcellsd4@unc.edu,Female,71.80.187.190
474,Roi,Mc Gaughey,rmcgaugheyd5@bigcartel.com,Male,9.139.160.213
475,Lucilia,Lorait,lloraitd6@buzzfeed.com,Female,93.131.88.168
476,Caspar,Monier,cmonierd7@usnews.com,Male,194.158.193.33
477,Rory,Fishpool,rfishpoold8@hatena.ne.jp,Male,253.3.185.39
478,Henrik,Claricoats,hclaricoatsd9@github.io,Male,182.90.78.183
479,Henrik,Warrener,hwarrenerda@google.com.au,Male,174.53.79.135
480,Norry,Hawlgarth,nhawlgarthdb@woothemes.com,Male,58.97.59.96
481,Doralia,Aspray,daspraydc@xrea.com,Female,247.192.135.206
482,Jarid,Baukham,jbaukhamdd@1und1.de,Male,200.181.129.77
483,Boote,Frowing,bfrowingde@google.com,Male,130.160.90.217
484,Gauthier,MacNockater,gmacnockaterdf@uol.com.br,Male,255.88.158.112
485,Alaster,Reinmar,areinmardg@webeden.co.uk,Male,246.130.96.98
486,Fleming,Broinlich,fbroinlichdh@over-blog.com,Male,171.193.43.244
487,Nevile,Simnett,nsimnettdi@jugem.jp,Male,96.85.44.62
488,Phillip,Bowry,pbowrydj@un.org,Male,46.51.10.86
489,Julita,Ivanitsa,jivanitsadk@economist.com,Female,214.38.187.225
490,Rice,Varren,rvarrendl@studiopress.com,Male,231.48.129.78
491,Yvonne,Stoneham,ystonehamdm@shareasale.com,Female,10.6.123.128
492,Renie,Heape,rheapedn@domainmarket.com,Female,244.200.87.234
493,Spenser,Ovendale,sovendaledo@slate.com,Male,138.174.174.65
494,Loydie,Dumphy,ldumphydp@hubpages.com,Male,168.228.48.187
495,Manuel,Mattheissen,mmattheissendq@newyorker.com,Male,22.76.69.252
496,Harriett,Wathall,hwathalldr@privacy.gov.au,Female,139.190.7.100
497,Claus,Jesty,cjestyds@reuters.com,Male,202.101.22.101
498,Godiva,Mounsey,gmounseydt@globo.com,Female,150.25.67.218
499,Terri-jo,Rickersey,trickerseydu@google.de,Female,172.214.38.9
500,Cherrita,Bohden,cbohdendv@dot.gov,Female,154.192.50.75
501,Ricki,Marquet,rmarquetdw@etsy.com,Male,186.110.122.133
502,Tanhya,Dosedale,tdosedaledx@hp.com,Female,57.83.114.137
503,Paulie,Jezard,pjezarddy@wufoo.com,Female,161.24.211.142
504,Vincenty,Druery,vdruerydz@typepad.com,Male,116.132.6.54
505,Leena,Mineghelli,lmineghellie0@google.pl,Female,153.61.212.220
506,Philip,Demead,pdemeade1@mtv.com,Male,5.108.182.70
507,Allianora,Godleman,agodlemane2@gmpg.org,Female,29.173.134.248
508,Francis,Mandrier,fmandriere3@i2i.jp,Male,198.115.36.99
509,Elbertina,Fairall,efairalle4@msn.com,Female,159.54.166.226
510,Moina,D'Onise,mdonisee5@blogger.com,Female,66.73.85.248
511,Antoine,Fattori,afattorie6@infoseek.co.jp,Male,87.71.218.217
512,Farah,Hanshawe,fhanshawee7@omniture.com,Female,192.186.113.36
513,Letti,Dicken,ldickene8@google.cn,Female,220.174.94.151
514,Bill,Apedaile,bapedailee9@reddit.com,Female,192.161.228.103
515,Kristy,Rex,krexea@blinklist.com,Female,228.22.105.144
516,Edythe,Benadette,ebenadetteeb@purevolume.com,Female,104.139.22.12
517,Leanora,Benstead,lbensteadec@businesswire.com,Female,176.212.132.80
518,Marya,Kassidy,mkassidyed@tamu.edu,Female,145.177.7.186
519,Farrand,Denyagin,fdenyaginee@yandex.ru,Female,131.233.15.161
520,Brant,Tingle,btingleef@hubpages.com,Male,131.118.71.60
521,Adelice,Peddowe,apeddoweeg@shutterfly.com,Female,196.108.235.117
522,Wilie,Blackaby,wblackabyeh@redcross.org,Female,5.209.38.176
523,Jerrilyn,Treweela,jtreweelaei@dmoz.org,Female,191.189.109.115
524,Mal,Francombe,mfrancombeej@weebly.com,Male,47.230.222.224
525,Natalina,Nevill,nnevillek@51.la,Female,245.179.18.54
526,Gnni,Stribling,gstriblingel@earthlink.net,Female,161.70.36.153
527,Murry,Jenkyn,mjenkynem@about.com,Male,130.217.162.238
528,Reinald,Esberger,resbergeren@tinypic.com,Male,208.9.220.22
529,Jamesy,Addis,jaddiseo@goo.gl,Male,245.54.86.248
530,Rycca,Tanby,rtanbyep@discovery.com,Female,115.63.172.165
531,Gilbertina,Slogrove,gslogroveeq@spotify.com,Female,15.4.97.86
532,Kaitlyn,Figgen,kfiggener@zdnet.com,Female,106.233.234.11
533,Dorian,Denkin,ddenkines@cisco.com,Male,204.231.180.110
534,Giacinta,Klewer,gkleweret@globo.com,Female,53.55.249.160
535,Yardley,Battyll,ybattylleu@sakura.ne.jp,Male,108.63.175.237
536,Robena,Westell,rwestellev@addthis.com,Female,70.49.216.194
537,Christophorus,Weall,cweallew@hao123.com,Male,253.49.215.147
538,Gabie,Beeble,gbeebleex@seesaa.net,Female,21.155.218.214
539,Addi,Stuart,astuartey@who.int,Female,208.8.61.63
540,Tilda,Shurrocks,tshurrocksez@mashable.com,Female,246.233.223.45
541,Scott,Agass,sagassf0@discuz.net,Male,14.125.71.85
542,Annaliese,Surgeon,asurgeonf1@deviantart.com,Female,80.148.186.145
543,Kelley,Thoumas,kthoumasf2@huffingtonpost.com,Male,41.84.124.203
544,Brock,Copcote,bcopcotef3@bluehost.com,Male,255.98.57.152
545,Dido,Grunnell,dgrunnellf4@nhs.uk,Female,44.68.205.130
546,Kalindi,Margerrison,kmargerrisonf5@japanpost.jp,Female,99.219.99.91
547,Carmelita,Cutting,ccuttingf6@edublogs.org,Female,211.110.143.146
548,Sabine,Knocker,sknockerf7@go.com,Female,129.237.155.36
549,Mirilla,Moehler,mmoehlerf8@xing.com,Female,219.84.5.77
550,Harald,Devlin,hdevlinf9@goo.gl,Male,110.14.113.30
551,Reinold,Pratt,rprattfa@seesaa.net,Male,249.194.159.179
552,Caleb,Connar,cconnarfb@sogou.com,Male,118.22.123.59
553,Derrick,Corey,dcoreyfc@icio.us,Male,50.116.195.27
554,Myrah,Feaviour,mfeaviourfd@twitpic.com,Female,249.75.208.108
555,Bernadette,Twigge,btwiggefe@google.fr,Female,203.41.225.209
556,Welbie,Crookes,wcrookesff@army.mil,Male,47.19.42.249
557,Konstantine,Frith,kfrithfg@home.pl,Male,70.186.151.31
558,Ashton,Mostin,amostinfh@ucla.edu,Male,59.154.134.33
559,Rem,Mosconi,rmosconifi@fc2.com,Male,28.48.117.216
560,Dur,Cohrs,dcohrsfj@digg.com,Male,148.32.228.159
561,Yale,Naire,ynairefk@nymag.com,Male,213.161.140.14
562,Grissel,Schouthede,gschouthedefl@pcworld.com,Female,73.157.165.240
563,Virgie,Thrift,vthriftfm@bizjournals.com,Female,238.153.218.249
564,Tori,Pleming,tplemingfn@youtube.com,Female,70.164.67.63
565,Mikaela,Dumbelton,mdumbeltonfo@devhub.com,Female,244.177.18.80
566,Pietrek,Maddick,pmaddickfp@cnet.com,Male,246.145.163.10
567,Niven,Avramov,navramovfq@oracle.com,Male,93.247.100.223
568,Adelheid,Larrington,alarringtonfr@photobucket.com,Female,67.21.40.5
569,Bartholomew,Watters,bwattersfs@exblog.jp,Male,253.154.37.217
570,Ilario,Vase,ivaseft@wisc.edu,Male,170.213.247.201
571,Clarke,Brik,cbrikfu@seesaa.net,Male,54.191.181.178
572,Don,Ivey,diveyfv@slate.com,Male,129.85.152.39
573,Eudora,Crooke,ecrookefw@loc.gov,Female,32.159.93.166
574,Alejandro,Fibbens,afibbensfx@usatoday.com,Male,157.14.101.165
575,Eleanora,Averies,eaveriesfy@flickr.com,Female,150.45.174.132
576,Orelee,Tudball,otudballfz@unesco.org,Female,134.181.74.94
577,Delia,Indgs,dindgsg0@parallels.com,Female,76.8.135.222
578,Antin,Helder,ahelderg1@cam.ac.uk,Male,83.215.86.156
579,Zelig,Beecraft,zbeecraftg2@miitbeian.gov.cn,Male,83.86.84.202
580,Bamby,Southall,bsouthallg3@va.gov,Female,246.253.247.87
581,Bill,Gadman,bgadmang4@newsvine.com,Female,211.71.227.148
582,Hollis,Gissing,hgissingg5@tripod.com,Male,182.132.186.152
583,Bradley,Blemings,bblemingsg6@networkadvertising.org,Male,120.44.19.76
584,Rees,Lappine,rlappineg7@stanford.edu,Male,168.25.110.183
585,Fredrick,Risdale,frisdaleg8@opensource.org,Male,82.207.151.120
586,Parsifal,Cymper,pcymperg9@flickr.com,Male,101.92.153.218
587,Deedee,Skitterel,dskitterelga@latimes.com,Female,104.125.70.44
588,Danie,Caldairou,dcaldairougb@wufoo.com,Male,194.168.83.209
589,Jess,Pregel,jpregelgc@wunderground.com,Female,117.45.166.53
590,Hamid,Gellion,hgelliongd@sphinn.com,Male,113.43.159.123
591,Elladine,Bunner,ebunnerge@bigcartel.com,Female,125.64.244.168
592,Corabella,Fellgett,cfellgettgf@sitemeter.com,Female,31.87.48.134
593,Cecelia,Banasiak,cbanasiakgg@furl.net,Female,15.64.8.117
594,Lloyd,Gerrels,lgerrelsgh@addthis.com,Male,143.133.180.27
595,Burr,Cummungs,bcummungsgi@ebay.com,Male,245.218.251.33
596,Joyce,Leibold,jleiboldgj@fema.gov,Female,73.31.124.188
597,Mohammed,Skin,mskingk@freewebs.com,Male,155.1.20.136
598,Tracie,Ledwith,tledwithgl@prnewswire.com,Female,195.27.136.167
599,Geneva,Assel,gasselgm@guardian.co.uk,Female,81.70.176.146
600,Con,Sievewright,csievewrightgn@epa.gov,Female,75.92.229.207
601,Janenna,Heggison,jheggisongo@cargocollective.com,Female,202.214.108.207
602,Bertha,Oslar,boslargp@oaic.gov.au,Female,220.234.108.88
603,Baily,Rivett,brivettgq@mlb.com,Male,228.107.39.235
604,Ogdon,Girdlestone,ogirdlestonegr@omniture.com,Male,39.37.78.107
605,Dolf,Emlyn,demlyngs@sbwire.com,Male,78.55.166.125
606,Ernaline,Maden,emadengt@bigcartel.com,Female,227.32.110.216
607,Theresita,Longfut,tlongfutgu@state.gov,Female,140.211.103.84
608,Esther,Armatage,earmatagegv@house.gov,Female,123.233.248.229
609,Vergil,Jovey,vjoveygw@surveymonkey.com,Male,102.197.51.138
610,Tybi,Cissen,tcissengx@sohu.com,Female,58.251.244.110
611,Vic,Tregonna,vtregonnagy@ed.gov,Male,57.94.192.156
612,Alanson,Showalter,ashowaltergz@squarespace.com,Male,31.125.130.239
613,Wadsworth,Meech,wmeechh0@microsoft.com,Male,120.57.107.198
614,Eddi,Muckloe,emuckloeh1@jimdo.com,Female,107.133.12.93
615,Jenilee,Tidy,jtidyh2@mayoclinic.com,Female,52.105.65.100
616,Veronika,Chene,vcheneh3@ca.gov,Female,59.177.219.215
617,Conchita,Oldam,coldamh4@google.nl,Female,223.221.244.201
618,Jorge,Borleace,jborleaceh5@phpbb.com,Male,126.56.138.22
619,Garner,Sheardown,gsheardownh6@hubpages.com,Male,150.141.165.101
620,Gun,Whyberd,gwhyberdh7@eventbrite.com,Male,133.144.106.108
621,Quill,Paling,qpalingh8@mit.edu,Male,102.57.195.243
622,Perry,Ritchman,pritchmanh9@state.gov,Male,75.152.153.4
623,Arline,Blodgett,ablodgettha@gnu.org,Female,172.76.246.71
624,Jess,Dietz,jdietzhb@epa.gov,Female,24.187.226.38
625,Chris,Donne,cdonnehc@state.tx.us,Female,194.146.98.253
626,Veriee,Zukerman,vzukermanhd@springer.com,Female,92.62.108.121
627,Richmond,Pumfrett,rpumfretthe@yelp.com,Male,22.61.185.17
628,Shelly,Gretham,sgrethamhf@constantcontact.com,Female,30.145.94.84
629,Stirling,Jeness,sjenesshg@unicef.org,Male,45.84.130.140
630,Nye,Gorke,ngorkehh@163.com,Male,178.9.30.113
631,Arvie,Leyre,aleyrehi@google.es,Male,246.132.162.99
632,Jake,Walework,jwaleworkhj@1688.com,Male,51.239.122.19
633,Haskel,MacDuffie,hmacduffiehk@blogger.com,Male,30.160.177.119
634,Carissa,Filde,cfildehl@pbs.org,Female,70.171.114.163
635,Nissie,MacDwyer,nmacdwyerhm@thetimes.co.uk,Female,170.124.165.65
636,Vassili,Digger,vdiggerhn@biblegateway.com,Male,246.13.21.40
637,Dollie,Critzen,dcritzenho@trellian.com,Female,221.123.40.38
638,Layne,Hillock,lhillockhp@cargocollective.com,Female,214.93.78.33
639,Sadye,Bellino,sbellinohq@dyndns.org,Female,76.195.141.242
640,Bernette,Springtorpe,bspringtorpehr@privacy.gov.au,Female,210.12.191.193
641,Hashim,Allston,hallstonhs@sina.com.cn,Male,45.129.184.191
642,Herrick,Tetsall,htetsallht@squidoo.com,Male,154.102.103.126
643,Tremayne,Ezzy,tezzyhu@tmall.com,Male,108.5.141.52
644,Kala,Sickling,ksicklinghv@wikipedia.org,Female,80.247.184.172
645,Webster,Guerra,wguerrahw@csmonitor.com,Male,142.132.70.47
646,Kain,Houlison,khoulisonhx@gov.uk,Male,28.89.74.13
647,Hobard,Veel,hveelhy@nymag.com,Male,231.103.50.205
648,Sacha,O'Flannery,soflanneryhz@weather.com,Female,64.192.208.118
649,Bertram,Boncore,bboncorei0@scribd.com,Male,48.106.143.57
650,Wandie,Gierok,wgieroki1@squarespace.com,Female,35.232.99.93
651,Anjela,Borthram,aborthrami2@chronoengine.com,Female,75.222.86.17
652,Jephthah,Pellant,jpellanti3@goodreads.com,Male,18.242.83.51
653,Freeman,Scyone,fscyonei4@washingtonpost.com,Male,121.119.47.5
654,Melly,McConaghy,mmcconaghyi5@yale.edu,Female,233.102.134.57
655,Aguie,Grabham,agrabhami6@cargocollective.com,Male,73.76.249.26
656,Stafford,Simonel,ssimoneli7@aol.com,Male,127.190.90.9
657,Ashlan,Prandoni,aprandonii8@nasa.gov,Female,199.48.222.232
658,Sarge,Zwicker,szwickeri9@fema.gov,Male,246.51.114.93
659,Fonz,Baistow,fbaistowia@go.com,Male,171.40.42.36
660,Elspeth,Sharplin,esharplinib@ucsd.edu,Female,56.148.144.19
661,Marcelle,Stearn,mstearnic@mozilla.org,Female,176.192.18.23
662,Atlanta,Clayworth,aclayworthid@php.net,Female,41.126.149.199
663,Blinnie,Laughtisse,blaughtisseie@dedecms.com,Female,145.116.12.99
664,Roddie,Desaur,rdesaurif@google.fr,Male,118.40.180.209
665,Jillayne,Lacasa,jlacasaig@youku.com,Female,189.233.21.60
666,Hamish,Lovat,hlovatih@oaic.gov.au,Male,129.54.97.149
667,Derick,Skillitt,dskillittii@tinyurl.com,Male,210.79.115.218
668,Bronny,Doorly,bdoorlyij@icq.com,Male,1.221.160.235
669,Chloris,Scott,cscottik@alibaba.com,Female,203.109.78.168
670,Ronny,Camell,rcamellil@buzzfeed.com,Female,239.238.7.137
671,Candace,Coppledike,ccoppledikeim@behance.net,Female,152.252.182.0
672,Craig,Tyer,ctyerin@sbwire.com,Male,33.28.34.119
673,Rossy,Leahair,rleahairio@yale.edu,Male,193.192.250.123
674,Reid,Franceschielli,rfranceschielliip@g.co,Male,116.158.160.238
675,Erina,Gravy,egravyiq@scientificamerican.com,Female,156.211.117.102
676,Manfred,Dufer,mduferir@kickstarter.com,Male,253.224.42.219
677,Iain,Baudinelli,ibaudinelliis@nyu.edu,Male,178.103.17.24
678,Emmanuel,Kline,eklineit@usgs.gov,Male,182.58.68.99
679,Gilberto,Zute,gzuteiu@desdev.cn,Male,126.191.254.183
680,Monro,Shoppee,mshoppeeiv@shareasale.com,Male,5.29.107.208
681,Saloma,Mum,smumiw@etsy.com,Female,215.227.32.157
682,Lesly,Channer,lchannerix@loc.gov,Female,46.243.122.84
683,Coop,Grundell,cgrundelliy@merriam-webster.com,Male,38.153.133.254
684,Emyle,Jobbins,ejobbinsiz@dailymotion.com,Female,122.56.128.19
685,Ruperto,Adan,radanj0@myspace.com,Male,163.85.165.220
686,Reina,Dand,rdandj1@networkadvertising.org,Female,214.111.88.40
687,Maribeth,Cusworth,mcusworthj2@artisteer.com,Female,30.241.196.0
688,Jock,Aiken,jaikenj3@furl.net,Male,239.147.53.14
689,Leonore,Kroch,lkrochj4@guardian.co.uk,Female,19.24.0.30
690,Freeland,Orpin,forpinj5@edublogs.org,Male,167.161.87.244
691,Anne,Boyles,aboylesj6@mysql.com,Female,182.53.184.177
692,Conn,Mourant,cmourantj7@mozilla.org,Male,126.41.97.200
693,Sky,McComb,smccombj8@illinois.edu,Male,36.21.2.158
694,Grove,Hovy,ghovyj9@fema.gov,Male,253.58.93.179
695,Haleigh,Anlay,hanlayja@1688.com,Female,25.185.253.194
696,Madlin,de la Tremoille,mdelatremoillejb@xrea.com,Female,16.0.198.168
697,Perice,Laird,plairdjc@goo.gl,Male,122.200.150.140
698,Alexei,Belfield,abelfieldjd@yellowpages.com,Male,175.104.184.55
699,Greer,Floch,gflochje@sakura.ne.jp,Female,85.160.18.111
700,Luciana,Fydoe,lfydoejf@hostgator.com,Female,99.246.143.48
701,Teador,Ianiello,tianiellojg@uiuc.edu,Male,35.147.16.60
702,Dinnie,Knowller,dknowllerjh@marketwatch.com,Female,213.72.184.194
703,Tully,Gidden,tgiddenji@wunderground.com,Male,116.151.175.138
704,Kincaid,Wooles,kwoolesjj@dagondesign.com,Male,108.40.53.191
705,Rickard,Jakolevitch,rjakolevitchjk@oracle.com,Male,173.107.32.57
706,Farr,Broyd,fbroydjl@bizjournals.com,Male,137.250.76.53
707,Kelsi,Bwye,kbwyejm@freewebs.com,Female,137.79.249.114
708,Pasquale,Biggins,pbigginsjn@cbslocal.com,Male,20.207.4.200
709,Judith,Bailes,jbailesjo@com.com,Female,45.110.228.149
710,Marlene,Bowmaker,mbowmakerjp@bloglovin.com,Female,229.75.195.204
711,Bryna,Wagerfield,bwagerfieldjq@reference.com,Female,33.251.199.83
712,Jonie,Lukianov,jlukianovjr@theatlantic.com,Female,223.166.235.47
713,Rhonda,Vanyakin,rvanyakinjs@cnet.com,Female,127.132.148.170
714,Curtice,Jannex,cjannexjt@dailymotion.com,Male,227.241.156.16
715,Boote,Prantl,bprantlju@usgs.gov,Male,143.52.195.55
716,Hyacinthie,Letchmore,hletchmorejv@indiatimes.com,Female,40.124.202.103
717,Edmund,Dorin,edorinjw@addtoany.com,Male,229.163.217.187
718,Celene,Thorouggood,cthorouggoodjx@reuters.com,Female,237.225.168.132
719,Melly,Ruger,mrugerjy@spiegel.de,Female,212.200.230.146
720,Alvinia,Brusle,abruslejz@icq.com,Female,37.177.166.149
721,Templeton,Melato,tmelatok0@bbc.co.uk,Male,102.247.188.232
722,Dante,Krol,dkrolk1@sitemeter.com,Male,101.88.145.154
723,Demetre,Elliker,dellikerk2@rediff.com,Male,146.208.46.80
724,Averill,Phelipeau,aphelipeauk3@rediff.com,Male,189.61.119.242
725,Vivianne,Kulicke,vkulickek4@ft.com,Female,135.118.235.67
726,Shalne,Harme,sharmek5@barnesandnoble.com,Female,129.52.66.122
727,Ravid,Pound,rpoundk6@earthlink.net,Male,212.13.60.19
728,Aubrey,Northcott,anorthcottk7@paginegialle.it,Female,2.172.57.246
729,Garrot,Sanday,gsandayk8@people.com.cn,Male,41.198.249.197
730,Hedwiga,Ripsher,hripsherk9@gizmodo.com,Female,114.5.195.224
731,Monica,Locker,mlockerka@netvibes.com,Female,240.176.118.24
732,Milton,Staddom,mstaddomkb@home.pl,Male,252.160.116.232
733,Jacqui,Preedy,jpreedykc@usnews.com,Female,55.248.244.97
734,Hermy,Striker,hstrikerkd@java.com,Male,63.104.165.2
735,Katti,Mathew,kmathewke@people.com.cn,Female,35.58.4.168
736,Natal,Mathew,nmathewkf@t.co,Male,157.115.47.31
737,Willie,Yarn,wyarnkg@ycombinator.com,Male,246.154.225.116
738,Tania,Aggas,taggaskh@vistaprint.com,Female,38.40.17.182
739,Mozes,Balharry,mbalharryki@flavors.me,Male,74.14.194.137
740,Antone,Clayton,aclaytonkj@imdb.com,Male,185.111.79.15
741,Addie,Razzell,arazzellkk@tumblr.com,Female,173.45.124.57
742,Juditha,Trengrove,jtrengrovekl@irs.gov,Female,77.157.244.8
743,Fraser,McCrackem,fmccrackemkm@squarespace.com,Male,45.88.209.134
744,Charita,Leethem,cleethemkn@vimeo.com,Female,247.111.85.235
745,Shari,Slyme,sslymeko@about.com,Female,199.251.133.99
746,Elvira,Ivison,eivisonkp@weebly.com,Female,6.153.144.174
747,Den,Grissett,dgrissettkq@aboutads.info,Male,155.193.155.7
748,Wini,Blackleech,wblackleechkr@ted.com,Female,12.157.133.164
749,Aline,Sackur,asackurks@purevolume.com,Female,27.175.175.106
750,Giustino,Dowglass,gdowglasskt@vimeo.com,Male,116.19.92.80
751,Ashly,Giraudeau,agiraudeauku@barnesandnoble.com,Female,228.170.50.52
752,Tedi,Robertis,trobertiskv@godaddy.com,Female,103.7.239.10
753,Tabbie,Silley,tsilleykw@yahoo.co.jp,Male,76.27.113.80
754,Karna,Foxley,kfoxleykx@nps.gov,Female,80.152.121.65
755,Edwin,Antliff,eantliffky@a8.net,Male,254.222.14.46
756,Albertina,Lipman,alipmankz@nyu.edu,Female,178.54.65.84
757,Brandais,Pietranek,bpietranekl0@usatoday.com,Female,5.226.124.75
758,Rollins,Carlens,rcarlensl1@ycombinator.com,Male,137.126.215.253
759,Lowe,Dally,ldallyl2@tumblr.com,Male,185.198.118.29
760,Viva,Kerswell,vkerswelll3@who.int,Female,128.222.40.124
761,Lorri,Staley,lstaleyl4@g.co,Female,100.170.45.66
762,Annora,Reek,areekl5@npr.org,Female,107.120.107.249
763,Broddy,Kinmond,bkinmondl6@opensource.org,Male,10.124.81.223
764,Delphinia,Stagg,dstaggl7@elegantthemes.com,Female,37.135.59.232
765,Felic,Wainman,fwainmanl8@naver.com,Male,124.27.113.31
766,Tallie,Aubin,taubinl9@joomla.org,Male,70.57.211.97
767,Christel,Hebblewhite,chebblewhitela@hubpages.com,Female,187.2.21.89
768,Luci,Janks,ljankslb@msn.com,Female,228.193.243.54
769,Ruy,Butt,rbuttlc@webeden.co.uk,Male,226.243.99.84
770,Gearalt,Bolland,gbollandld@storify.com,Male,245.178.181.208
771,Jeremie,Broadway,jbroadwayle@umich.edu,Male,51.133.77.1
772,Bell,Hucke,bhuckelf@msn.com,Female,12.1.238.221
773,Terrel,Grissett,tgrissettlg@reuters.com,Male,166.165.17.84
774,Mei,Ioan,mioanlh@webmd.com,Female,147.205.83.124
775,Sibyl,Norridge,snorridgeli@sohu.com,Male,183.44.167.67
776,Austina,Marcome,amarcomelj@dailymail.co.uk,Female,157.19.95.10
777,Drusi,Aldus,dalduslk@independent.co.uk,Female,245.230.20.80
778,Dita,Grewes,dgrewesll@123-reg.co.uk,Female,132.128.53.162
779,Davidde,Fields,dfieldslm@washington.edu,Male,235.117.103.217
780,Audra,Moffett,amoffettln@geocities.com,Female,176.130.202.214
781,Fayina,Dubock,fdubocklo@vinaora.com,Female,60.42.41.158
782,Parke,Kemston,pkemstonlp@qq.com,Male,212.119.85.86
783,Tommy,Mauchline,tmauchlinelq@kickstarter.com,Male,176.118.155.123
784,Lucius,Teanby,lteanbylr@about.com,Male,175.212.191.59
785,Dulcy,McAllen,dmcallenls@alibaba.com,Female,57.65.234.160
786,Melicent,Lindmark,mlindmarklt@ucoz.com,Female,43.193.125.212
787,Magdaia,Jiricka,mjirickalu@phpbb.com,Female,253.88.132.234
788,Kori,Kerrigan,kkerriganlv@g.co,Female,47.147.108.3
789,Florri,Larcombe,flarcombelw@china.com.cn,Female,212.71.66.37
790,Kai,Records,krecordslx@tinyurl.com,Female,21.31.55.194
791,Remington,Twelvetree,rtwelvetreely@tuttocitta.it,Male,111.124.167.3
792,Tammy,Jantet,tjantetlz@google.cn,Female,80.146.139.189
793,Llywellyn,Haddleston,lhaddlestonm0@godaddy.com,Male,43.6.210.201
794,Linn,Polley,lpolleym1@cisco.com,Male,151.38.39.117
795,Regan,Nathon,rnathonm2@usnews.com,Female,206.18.82.19
796,Jillana,Doughton,jdoughtonm3@go.com,Female,219.231.28.227
797,Trula,Wiszniewski,twiszniewskim4@google.cn,Female,143.183.245.149
798,Gunar,Fantham,gfanthamm5@foxnews.com,Male,55.45.202.126
799,Thomasine,Kroon,tkroonm6@macromedia.com,Female,49.12.191.99
800,Rudiger,Peyro,rpeyrom7@cbsnews.com,Male,67.97.51.189
801,Nikolaos,Aronov,naronovm8@phoca.cz,Male,162.111.56.99
802,Jilly,Adamsson,jadamssonm9@businesswire.com,Female,157.157.148.145
803,Richy,Lodden,rloddenma@dailymail.co.uk,Male,251.161.53.39
804,Nanci,Thickpenny,nthickpennymb@amazon.co.uk,Female,252.72.201.110
805,Germana,Lane,glanemc@phpbb.com,Female,70.206.18.222
806,Urbano,Shilton,ushiltonmd@wunderground.com,Male,60.243.234.164
807,Cleon,Bignal,cbignalme@dyndns.org,Male,70.236.151.70
808,Dorella,Capron,dcapronmf@oaic.gov.au,Female,13.105.158.207
809,Orlando,Fearnley,ofearnleymg@dailymail.co.uk,Male,159.126.153.216
810,Grenville,Osman,gosmanmh@purevolume.com,Male,228.150.231.3
811,Andy,Barwack,abarwackmi@marketwatch.com,Female,130.86.248.110
812,Peta,Etches,petchesmj@reverbnation.com,Female,21.79.24.11
813,Nealson,Cluely,ncluelymk@nyu.edu,Male,102.199.253.51
814,Harper,Boon,hboonml@pinterest.com,Male,85.129.55.252
815,Ilysa,Crellim,icrellimmm@google.it,Female,154.11.109.224
816,Enoch,Stivani,estivanimn@hhs.gov,Male,245.228.214.77
817,Adolpho,Nertney,anertneymo@bizjournals.com,Male,211.153.123.151
818,Theodosia,Gligori,tgligorimp@springer.com,Female,145.203.0.3
819,Jaymee,Gillingham,jgillinghammq@addthis.com,Female,214.29.29.150
820,Maurita,Kenington,mkeningtonmr@qq.com,Female,197.119.22.44
821,Jodee,Kopec,jkopecms@nyu.edu,Female,20.207.180.143
822,Lionel,Beagley,lbeagleymt@un.org,Male,97.40.228.38
823,Renae,Palfreeman,rpalfreemanmu@twitpic.com,Female,171.218.20.187
824,Ann,Gilogly,agiloglymv@bandcamp.com,Female,72.46.37.143
825,Devin,Pavlenko,dpavlenkomw@archive.org,Female,215.84.32.35
826,Boothe,May,bmaymx@rediff.com,Male,127.71.84.31
827,Jany,Wombwell,jwombwellmy@stumbleupon.com,Female,170.9.5.69
828,Catlee,Klauber,cklaubermz@so-net.ne.jp,Female,114.65.227.131
829,Izzy,De la Feld,idelafeldn0@mac.com,Male,94.26.38.7
830,Nicholle,Pechet,npechetn1@friendfeed.com,Female,30.100.130.52
831,Dar,Draycott,ddraycottn2@netvibes.com,Male,16.66.255.96
832,Sib,Simoens,ssimoensn3@hibu.com,Female,77.97.40.113
833,Denny,Draisey,ddraiseyn4@eventbrite.com,Male,107.127.146.196
834,Tony,Hargraves,thargravesn5@sun.com,Male,32.30.64.145
835,Ibbie,Janiak,ijaniakn6@cpanel.net,Female,255.238.191.119
836,Palmer,Winscomb,pwinscombn7@e-recht24.de,Male,131.95.20.158
837,Aland,Schruyers,aschruyersn8@netlog.com,Male,137.238.160.86
838,Wit,Woodruff,wwoodruffn9@usgs.gov,Male,129.97.130.46
839,Min,Illwell,millwellna@yandex.ru,Female,196.52.145.69
840,Mason,Garvan,mgarvannb@homestead.com,Male,128.141.12.148
841,Devy,Baggaley,dbaggaleync@printfriendly.com,Male,74.23.83.142
842,Moss,Zaniolo,mzaniolond@amazon.com,Male,51.10.92.182
843,Sully,Andreacci,sandreaccine@t-online.de,Male,23.73.232.233
844,Philip,Chaff,pchaffnf@macromedia.com,Male,152.247.248.167
845,Emilee,Fullager,efullagerng@wikia.com,Female,50.141.234.216
846,Celisse,Vannikov,cvannikovnh@last.fm,Female,202.181.103.187
847,Abner,Casolla,acasollani@cbsnews.com,Male,58.127.181.85
848,Obed,Rumbellow,orumbellownj@craigslist.org,Male,28.140.102.211
849,Ellie,McNay,emcnaynk@discuz.net,Female,200.27.7.210
850,Rurik,Ibbetson,ribbetsonnl@myspace.com,Male,77.18.25.53
851,Marylinda,Stoffler,mstofflernm@ow.ly,Female,139.216.163.221
852,Alberik,Kleinsinger,akleinsingernn@google.it,Male,10.12.48.119
853,Jeffrey,Gallgher,jgallgherno@tumblr.com,Male,250.73.135.15
854,Illa,Binyon,ibinyonnp@myspace.com,Female,94.164.205.78
855,Saunders,Tweddle,stweddlenq@wiley.com,Male,195.198.188.202
856,Delbert,Redsell,dredsellnr@cocolog-nifty.com,Male,83.156.186.22
857,Monique,Geary,mgearyns@techcrunch.com,Female,244.195.232.4
858,Cheri,Willox,cwilloxnt@shareasale.com,Female,93.74.135.137
859,Loutitia,Keasley,lkeasleynu@t-online.de,Female,72.25.80.215
860,Jerrilee,Haye,jhayenv@abc.net.au,Female,160.72.215.15
861,Elena,Singers,esingersnw@photobucket.com,Female,108.100.17.240
862,Betsy,Errett,berrettnx@dropbox.com,Female,188.229.118.32
863,Miguel,Reston,mrestonny@shareasale.com,Male,121.87.132.89
864,Graeme,Arpur,garpurnz@wunderground.com,Male,199.251.138.119
865,Danya,Humerstone,dhumerstoneo0@usgs.gov,Female,51.207.22.2
866,Carita,McGrayle,cmcgrayleo1@blogs.com,Female,117.113.60.93
867,Granny,Matura,gmaturao2@theguardian.com,Male,127.113.83.45
868,Sissy,Walsh,swalsho3@storify.com,Female,59.237.111.79
869,Hunfredo,Bruckental,hbruckentalo4@amazon.co.jp,Male,97.73.213.221
870,Billie,Mullenger,bmullengero5@blog.com,Female,18.244.112.124
871,Blake,Foot,bfooto6@prlog.org,Male,250.237.41.164
872,Clair,Sherrum,csherrumo7@scientificamerican.com,Male,186.1.237.164
873,Kiley,Cammack,kcammacko8@mozilla.com,Male,26.62.45.224
874,Ambros,Riddeough,ariddeougho9@technorati.com,Male,85.112.73.36
875,Amitie,Artus,aartusoa@toplist.cz,Female,142.93.122.69
876,Cheslie,Ahlin,cahlinob@webeden.co.uk,Female,209.208.28.29
877,Vite,Innott,vinnottoc@psu.edu,Male,133.93.140.224
878,Dame,Austin,daustinod@macromedia.com,Male,252.168.199.55
879,Philippa,Eadmead,peadmeadoe@bluehost.com,Female,29.128.222.1
880,Cort,Beazley,cbeazleyof@prlog.org,Male,75.219.137.121
881,Andrea,Buglass,abuglassog@theguardian.com,Female,71.251.69.250
882,James,Iacovolo,jiacovolooh@comsenz.com,Male,13.142.55.140
883,Teresita,Iannelli,tiannellioi@nationalgeographic.com,Female,43.131.83.54
884,Pegeen,Roots,prootsoj@naver.com,Female,68.193.182.7
885,Electra,Kopisch,ekopischok@pbs.org,Female,218.169.87.147
886,Madelina,Noye,mnoyeol@google.de,Female,16.17.172.34
887,Gillie,Beglin,gbeglinom@wordpress.org,Female,247.110.17.76
888,Say,Megson,smegsonon@toplist.cz,Male,111.130.108.100
889,Georgy,Booley,gbooleyoo@walmart.com,Male,153.135.79.191
890,Hermina,Shrieves,hshrievesop@intel.com,Female,41.200.34.178
891,Alex,Hamm,ahammoq@un.org,Female,201.8.19.17
892,Sileas,Sange,ssangeor@nifty.com,Female,225.59.231.161
893,Kaleena,Paolicchi,kpaolicchios@paginegialle.it,Female,49.166.183.229
894,Fielding,Schild,fschildot@reverbnation.com,Male,123.21.130.22
895,Leonie,Reville,lrevilleou@mediafire.com,Female,126.136.159.151
896,Allan,Melluish,amelluishov@barnesandnoble.com,Male,32.120.227.107
897,Jenn,Tarpey,jtarpeyow@umn.edu,Female,219.43.104.207
898,Hal,Fallon,hfallonox@prweb.com,Male,237.150.23.88
899,Edik,Oret,eoretoy@yelp.com,Male,136.255.183.113
900,Rafael,Treble,rtrebleoz@nytimes.com,Male,199.225.145.226
901,Raphael,Langhorne,rlanghornep0@java.com,Male,57.23.244.105
902,Currey,Lackner,clacknerp1@biglobe.ne.jp,Male,76.184.189.150
903,Kai,Woodthorpe,kwoodthorpep2@webs.com,Female,171.65.51.29
904,Tripp,Urian,turianp3@rakuten.co.jp,Male,180.83.127.20
905,Darlleen,Peabody,dpeabodyp4@lulu.com,Female,185.113.80.77
906,Elene,McDermott-Row,emcdermottrowp5@weather.com,Female,113.9.70.196
907,Cory,Brounsell,cbrounsellp6@1und1.de,Male,93.53.211.19
908,Yvon,Bertot,ybertotp7@npr.org,Male,226.74.157.25
909,Willie,Washington,wwashingtonp8@psu.edu,Female,162.22.147.72
910,Moise,Felix,mfelixp9@loc.gov,Male,214.231.55.66
911,Loralee,Greedy,lgreedypa@yandex.ru,Female,93.231.102.174
912,Bevin,Ollive,bollivepb@prweb.com,Male,61.89.159.155
913,Brion,Rouby,broubypc@wikispaces.com,Male,97.161.227.255
914,Dar,Wyley,dwyleypd@google.de,Male,50.141.172.16
915,Sidney,Lackey,slackeype@github.io,Male,158.215.160.114
916,Tania,Pilfold,tpilfoldpf@moonfruit.com,Female,130.53.170.240
917,Merna,Scase,mscasepg@mac.com,Female,181.160.224.84
918,Elfreda,Wellfare,ewellfareph@fc2.com,Female,248.226.0.253
919,Rodi,Kidby,rkidbypi@google.com,Female,189.205.136.8
920,Valentin,Goolden,vgooldenpj@bloglovin.com,Male,177.28.144.163
921,Charley,Kyston,ckystonpk@pbs.org,Male,240.91.78.253
922,Roseanne,Coate,rcoatepl@admin.ch,Female,99.119.194.66
923,Clay,Brusby,cbrusbypm@un.org,Male,191.73.111.146
924,Lamond,Thomann,lthomannpn@zdnet.com,Male,176.54.54.133
925,Ardisj,Reboul,areboulpo@uol.com.br,Female,189.22.182.205
926,Else,Darrow,edarrowpp@arizona.edu,Female,195.60.61.31
927,Darcee,Saffrin,dsaffrinpq@netlog.com,Female,232.61.75.225
928,Gabriell,Dennes,gdennespr@spotify.com,Female,177.95.35.211
929,Carlotta,Booley,cbooleyps@apache.org,Female,214.157.1.25
930,Alistair,Pilgrim,apilgrimpt@ibm.com,Male,54.130.189.55
931,Dody,Metrick,dmetrickpu@netvibes.com,Female,106.191.152.28
932,Jorry,Petriello,jpetriellopv@wufoo.com,Female,99.34.229.225
933,Nathalia,Sherry,nsherrypw@hao123.com,Female,171.250.190.115
934,Marget,Kopec,mkopecpx@sun.com,Female,98.186.43.77
935,Sanders,Russam,srussampy@intel.com,Male,25.145.142.145
936,Lucas,Arrighi,larrighipz@loc.gov,Male,43.137.196.179
937,Bebe,Onge,bongeq0@alexa.com,Female,145.63.233.139
938,Paddie,Brezlaw,pbrezlawq1@phpbb.com,Male,151.164.35.163
939,Hermon,Wolver,hwolverq2@hc360.com,Male,191.36.213.61
940,Dasi,Henden,dhendenq3@chronoengine.com,Female,162.102.138.60
941,Nanine,Girodias,ngirodiasq4@photobucket.com,Female,106.187.62.93
942,Karry,Curnucke,kcurnuckeq5@freewebs.com,Female,255.131.142.191
943,Lyndsey,Stears,lstearsq6@eventbrite.com,Female,78.74.151.137
944,Hendrick,Mitchenson,hmitchensonq7@google.com.au,Male,28.88.128.42
945,Babbette,Congreave,bcongreaveq8@earthlink.net,Female,232.18.115.136
946,Windham,Lynthal,wlynthalq9@github.com,Male,204.111.8.219
947,Stanislaus,Carme,scarmeqa@theatlantic.com,Male,183.186.73.137
948,Blinnie,Tivolier,btivolierqb@yandex.ru,Female,57.101.48.1
949,Nigel,Ebenezer,nebenezerqc@unicef.org,Male,54.150.242.77
950,Sergent,Bushen,sbushenqd@redcross.org,Male,198.85.18.134
951,Catherina,Threadgold,cthreadgoldqe@mediafire.com,Female,157.247.111.193
952,Vikky,Arman,varmanqf@ocn.ne.jp,Female,16.130.12.36
953,Sawyere,Le Gallo,slegalloqg@slashdot.org,Male,5.157.209.48
954,Mavis,Benck,mbenckqh@ucoz.ru,Female,232.143.202.161
955,Niels,Fayre,nfayreqi@clickbank.net,Male,121.31.43.38
956,Marion,Theis,mtheisqj@cornell.edu,Female,208.44.245.147
957,Alvinia,MacSharry,amacsharryqk@typepad.com,Female,187.169.57.99
958,Shell,Canton,scantonql@unesco.org,Male,149.9.244.196
959,Arnoldo,Aliman,aalimanqm@infoseek.co.jp,Male,109.10.15.237
960,Dorree,Hearse,dhearseqn@elegantthemes.com,Female,49.234.66.203
961,Sybila,Ionn,sionnqo@a8.net,Female,206.26.228.200
962,Archambault,Dickson,adicksonqp@woothemes.com,Male,56.113.184.141
963,Innis,Ilyushkin,iilyushkinqq@t.co,Male,228.74.219.53
964,Culver,Mollon,cmollonqr@friendfeed.com,Male,5.136.102.53
965,Farrand,Di Franceshci,fdifranceshciqs@nsw.gov.au,Female,149.155.60.58
966,Darrel,Bernaert,dbernaertqt@posterous.com,Male,120.159.130.164
967,Eddi,Durkin,edurkinqu@pcworld.com,Female,100.152.89.227
968,Tiff,Pipe,tpipeqv@google.co.jp,Female,124.206.185.18
969,Horst,Shreve,hshreveqw@webmd.com,Male,207.5.74.154
970,Dee dee,MacBain,dmacbainqx@youtu.be,Female,133.162.53.88
971,Gaspar,Stenet,gstenetqy@google.com,Male,204.209.55.1
972,Allina,Malloy,amalloyqz@ifeng.com,Female,141.132.150.100
973,Ritchie,Anderton,randertonr0@1und1.de,Male,120.152.161.206
974,Babbette,Eastcott,beastcottr1@oakley.com,Female,176.49.140.108
975,Gabriella,Farnorth,gfarnorthr2@upenn.edu,Female,254.245.169.249
976,Guido,Duplan,gduplanr3@addthis.com,Male,163.93.131.111
977,Dena,Levicount,dlevicountr4@google.de,Female,71.2.25.220
978,Andrew,Soule,asouler5@rambler.ru,Male,205.203.21.6
979,Astrid,Rittmeier,arittmeierr6@google.it,Female,241.29.33.88
980,Aylmar,Della Scala,adellascalar7@hud.gov,Male,109.113.185.198
981,Germain,Begin,gbeginr8@quantcast.com,Male,149.121.93.32
982,Barth,Simoncelli,bsimoncellir9@dmoz.org,Male,185.195.165.137
983,Antons,Pickring,apickringra@zimbio.com,Male,65.21.218.141
984,Dyanne,Okey,dokeyrb@nationalgeographic.com,Female,151.142.20.179
985,Coop,Hubeaux,chubeauxrc@amazon.com,Male,57.89.103.194
986,Elvis,Jervois,ejervoisrd@slideshare.net,Male,211.249.34.47
987,Donal,Flaonier,dflaonierre@columbia.edu,Male,25.222.147.2
988,Bradan,Grundey,bgrundeyrf@scribd.com,Male,230.97.179.81
989,Rozamond,Simeon,rsimeonrg@cbslocal.com,Female,144.44.28.120
990,Kiley,Vigne,kvignerh@mit.edu,Male,99.84.178.21
991,Sidnee,Hoppner,shoppnerri@about.me,Male,160.246.216.11
992,Laughton,Serrurier,lserrurierrj@ezinearticles.com,Male,26.239.26.119
993,Lief,Jeschner,ljeschnerrk@yolasite.com,Male,65.219.108.199
994,Baryram,Freda,bfredarl@vkontakte.ru,Male,6.192.44.219
995,Aidan,Camilio,acamiliorm@usnews.com,Female,78.31.42.56
996,Bobby,Landa,blandarn@wikipedia.org,Female,30.14.132.193
997,Lona,Glass,lglassro@youtu.be,Female,0.178.234.247
998,Cherye,Edgson,cedgsonrp@seesaa.net,Female,103.5.71.108
999,Elysia,Mapam,emapamrq@scribd.com,Female,207.49.216.141
1000,Thain,Sokale,tsokalerr@earthlink.net,Male,74.120.125.10
