id	first_name	last_name	email	gender	ip_address
1	Quintilla	Hassan	qhassan0@oaic.gov.au	Female	172.193.49.65
2	Annabel	Tarborn	atarborn1@ox.ac.uk	Female	96.68.13.67
3	Simmonds	Tison	stison2@time.com	Male	142.234.56.134
4	Jammie	Cherryman	jcherryman3@nih.gov	Female	68.50.129.34
5	Zoe	Costa	zcosta4@seesaa.net	Female	48.98.168.247
6	Tabor	Skerm	tskerm5@quantcast.com	Male	207.198.13.121
7	Ariana	Maultby	amaultby6@techcrunch.com	Female	74.51.223.7
8	Laurie	Wastell	lwastell7@taobao.com	Male	195.28.30.191
9	Kent	Vose	kvose8@1und1.de	Male	146.41.218.24
10	Twyla	McFee	tmcfee9@netscape.com	Female	205.154.202.192
11	Agace	Hessentaler	ahessentalera@trellian.com	Female	127.182.187.228
12	Tallie	MacTurlough	tmacturloughb@hp.com	Female	136.68.158.74
13	Gale	Goodyer	ggoodyerc@usda.gov	Female	60.97.135.46
14	Petr	Beteriss	pbeterissd@europa.eu	Male	158.87.91.247
15	Armando	Ferrarin	aferrarine@businessweek.com	Male	112.19.51.56
16	Krishnah	Crichmer	kcrichmerf@ebay.com	Male	71.68.34.99
17	Angus	Clayden	aclaydeng@canalblog.com	Male	240.82.189.107
18	Bald	Gebhardt	bgebhardth@geocities.com	Male	19.184.151.33
19	Carmelita	Gisburn	cgisburni@google.com	Female	86.231.12.115
20	Leonerd	Wrightem	lwrightemj@comsenz.com	Male	167.214.219.225
21	Thoma	Plum	tplumk@narod.ru	Male	100.52.53.18
22	Broddy	Braganca	bbragancal@earthlink.net	Male	118.140.194.220
23	Frans	Airs	fairsm@walmart.com	Male	21.213.18.100
24	Franky	Nation	fnationn@accuweather.com	Male	140.245.56.83
25	Lauritz	Furness	lfurnesso@technorati.com	Male	157.164.15.130
26	Seward	Beckey	sbeckeyp@china.com.cn	Male	16.229.242.113
27	Lorilee	Brinkman	lbrinkmanq@apache.org	Female	245.116.28.158
28	Janna	Burden	jburdenr@wiley.com	Female	166.27.152.61
29	Abram	Porter	aporters@buzzfeed.com	Male	170.32.219.136
30	Vinnie	Huyhton	vhuyhtont@jalbum.net	Male	102.75.77.137
31	Galvan	Doreward	gdorewardu@psu.edu	Male	87.126.249.189
32	Der	Yegorkin	dyegorkinv@about.com	Male	5.253.99.240
33	Bird	Carlin	bcarlinw@fastcompany.com	Female	129.44.199.94
34	Noble	Rich	nrichx@ucla.edu	Male	242.221.252.48
35	Kory	Batte	kbattey@marriott.com	Male	82.158.14.68
36	Sylas	Lembke	slembkez@creativecommons.org	Male	184.100.90.184
37	Wilmer	Klimkin	wklimkin10@patch.com	Male	226.68.122.190
38	Saloma	Parley	sparley11@princeton.edu	Female	108.2.231.134
39	Holly-anne	Anchor	hanchor12@fda.gov	Female	82.79.134.225
40	Laurie	Matoshin	lmatoshin13@mashable.com	Male	65.225.82.206
41	Terza	Boldison	tboldison14@jigsy.com	Female	205.86.219.189
42	Charisse	McKiddin	cmckiddin15@jiathis.com	Female	68.210.182.53
43	Wenonah	Turford	wturford16@eepurl.com	Female	116.12.204.7
44	Ardelle	Reveland	areveland17@irs.gov	Female	196.87.249.194
45	Vilma	MacCague	vmaccague18@symantec.com	Female	59.119.182.31
46	Amye	Pierro	apierro19@dell.com	Female	178.228.159.149
47	Erma	Prop	eprop1a@reference.com	Female	47.192.185.136
48	Micky	Cushelly	mcushelly1b@ca.gov	Male	128.171.206.145
49	Dara	Waycott	dwaycott1c@dailymail.co.uk	Female	92.89.13.228
50	Robbie	Pleace	rpleace1d@sakura.ne.jp	Male	111.25.36.10
51	Emyle	Banaszkiewicz	ebanaszkiewicz1e@over-blog.com	Female	78.164.108.42
52	Fifine	Bizzey	fbizzey1f@multiply.com	Female	9.32.28.250
53	Grete	Laughton	glaughton1g@yahoo.com	Female	65.241.47.75
54	Josias	Pampling	jpampling1h@tripod.com	Male	60.252.179.217
55	Gilles	Simoncini	gsimoncini1i@oakley.com	Male	23.224.165.101
56	Ashley	Hardwich	ahardwich1j@jigsy.com	Male	168.179.214.170
57	Thom	Kenewell	tkenewell1k@blogger.com	Male	205.178.74.77
58	Camey	Laflin	claflin1l@skype.com	Male	41.235.58.164
59	Lindy	Wincott	lwincott1m@myspace.com	Female	247.145.121.211
60	Adelbert	Harhoff	aharhoff1n@posterous.com	Male	114.50.80.45
61	Ric	Pauleau	rpauleau1o@mozilla.org	Male	126.176.92.254
62	Mace	Worsall	mworsall1p@rakuten.co.jp	Male	9.42.236.252
63	Gaby	Meagher	gmeagher1q@github.com	Male	223.108.194.16
64	Doll	Gerraty	dgerraty1r@bing.com	Female	141.67.130.102
65	Tiena	Thwaite	tthwaite1s@ucsd.edu	Female	4.8.94.193
66	Valdemar	Loding	vloding1t@php.net	Male	37.41.90.82
67	Hallsy	Zellmer	hzellmer1u@nbcnews.com	Male	101.196.198.127
68	Alethea	Abade	aabade1v@blogs.com	Female	92.11.185.10
69	Bartholomew	Donnell	bdonnell1w@a8.net	Male	143.251.90.218
70	Amity	Standingford	astandingford1x@squarespace.com	Female	248.62.111.207
71	Tris	McIlvoray	tmcilvoray1y@kickstarter.com	Male	32.55.126.238
72	Jade	Dunbar	jdunbar1z@unicef.org	Female	59.107.32.177
73	Vera	Stitle	vstitle20@toplist.cz	Female	79.224.105.241
74	Kaia	Pele	kpele21@google.com.hk	Female	232.182.149.37
75	Derk	Macoun	dmacoun22@jiathis.com	Male	166.48.226.100
76	Nessie	Friar	nfriar23@amazon.co.uk	Female	9.46.254.177
77	Thatch	Cargo	tcargo24@ask.com	Male	236.9.185.79
78	Burnard	McCarrick	bmccarrick25@berkeley.edu	Male	55.182.28.175
79	Leandra	Tupp	ltupp26@squidoo.com	Female	174.85.87.173
80	Dore	Mellmer	dmellmer27@istockphoto.com	Male	221.148.51.9
81	Wash	Twinborne	wtwinborne28@ucsd.edu	Male	208.153.21.117
82	Winona	Woolland	wwoolland29@discuz.net	Female	173.5.50.111
83	Dosi	Daen	ddaen2a@gnu.org	Female	76.214.255.116
84	Jolene	Eastabrook	jeastabrook2b@vinaora.com	Female	200.243.37.16
85	Leslie	Greatland	lgreatland2c@tumblr.com	Female	240.109.118.127
86	Madlin	Reisenberg	mreisenberg2d@slashdot.org	Female	227.136.68.153
87	Jerrome	Caesman	jcaesman2e@cnbc.com	Male	224.160.76.111
88	Ediva	Brickdale	ebrickdale2f@about.com	Female	181.10.91.126
89	Delmer	Androsik	dandrosik2g@webnode.com	Male	141.52.185.71
90	Hally	Opie	hopie2h@reverbnation.com	Female	146.152.44.189
91	Deeyn	Monck	dmonck2i@usa.gov	Female	241.212.238.86
92	Lammond	Landis	llandis2j@nsw.gov.au	Male	48.166.209.189
93	Raynor	Sowood	rsowood2k@mail.ru	Male	249.154.207.227
94	Eddy	Roff	eroff2l@tinyurl.com	Female	82.184.255.229
95	Cordelie	Holmyard	cholmyard2m@dot.gov	Female	22.24.225.173
96	Xerxes	Lafferty	xlafferty2n@smh.com.au	Male	81.144.67.48
97	Tucker	Rawlcliffe	trawlcliffe2o@webnode.com	Male	143.212.241.196
98	Page	Jedrzejewsky	pjedrzejewsky2p@csmonitor.com	Male	60.81.187.18
99	Rosene	Snellman	rsnellman2q@npr.org	Female	253.192.242.163
100	Antonietta	Poleykett	apoleykett2r@admin.ch	Female	119.115.217.157
101	Delora	Balcombe	dbalcombe2s@godaddy.com	Female	168.49.126.8
102	Alyce	Upham	aupham2t@printfriendly.com	Female	172.219.170.78
103	Erinna	Memory	ememory2u@bloglines.com	Female	222.54.231.72
104	Theadora	Tarzey	ttarzey2v@princeton.edu	Female	161.200.147.13
105	Hazel	Cantillon	hcantillon2w@dyndns.org	Male	67.76.186.206
106	Renault	Skelhorn	rskelhorn2x@unblog.fr	Male	157.233.24.160
107	Nappie	Whilde	nwhilde2y@gov.uk	Male	170.56.228.94
108	Allyce	Varndall	avarndall2z@opera.com	Female	114.57.103.179
109	Nathanael	Seakin	nseakin30@dyndns.org	Male	50.2.49.39
110	Mellisent	Rhodes	mrhodes31@goo.ne.jp	Female	123.121.54.199
111	Marga	Curragh	mcurragh32@engadget.com	Female	176.9.178.162
112	Cathy	Tatersale	ctatersale33@oracle.com	Female	22.125.234.89
113	Carlyn	Durbann	cdurbann34@gravatar.com	Female	238.79.92.26
114	Brandea	Critcher	bcritcher35@tiny.cc	Female	56.54.160.49
115	Feliks	De Roeck	fderoeck36@nbcnews.com	Male	208.4.226.133
116	Lee	Britt	lbritt37@51.la	Female	203.198.182.168
117	Merna	Pieterick	mpieterick38@angelfire.com	Female	118.234.81.184
118	Mariam	Mollison	mmollison39@wix.com	Female	237.195.23.192
119	Amii	D'Agostini	adagostini3a@europa.eu	Female	232.82.95.15
120	Hortense	Lemme	hlemme3b@symantec.com	Female	2.145.240.77
121	Lauryn	Schinetti	lschinetti3c@economist.com	Female	97.183.135.224
122	Glen	Lowry	glowry3d@latimes.com	Male	235.130.238.220
123	Fredrick	Holdren	fholdren3e@weibo.com	Male	190.188.41.14
124	Buckie	Overlow	boverlow3f@nih.gov	Male	136.151.247.224
125	Stephenie	Paylor	spaylor3g@amazon.co.jp	Female	230.246.32.79
126	Somerset	Royan	sroyan3h@tiny.cc	Male	141.40.225.220
127	Holt	Stribbling	hstribbling3i@ted.com	Male	186.223.250.81
128	Sanford	Knightsbridge	sknightsbridge3j@vkontakte.ru	Male	156.170.159.218
129	Gabrila	Sewill	gsewill3k@gmpg.org	Female	56.61.130.63
130	Ivette	Prott	iprott3l@cbslocal.com	Female	229.164.220.193
131	Elisabetta	Millwater	emillwater3m@pbs.org	Female	63.76.99.239
132	Thebault	Antonacci	tantonacci3n@hostgator.com	Male	43.156.38.78
133	Daniella	McClounan	dmcclounan3o@amazon.co.uk	Female	95.65.62.38
134	Kingsley	Dockery	kdockery3p@ftc.gov	Male	70.231.44.20
135	Berkie	Raymont	braymont3q@archive.org	Male	196.250.181.155
136	Polly	Mines	pmines3r@amazon.co.jp	Female	248.231.85.194
137	Ozzie	Gawkes	ogawkes3s@npr.org	Male	101.214.73.152
138	Michel	De Leek	mdeleek3t@hp.com	Female	203.6.71.123
139	Avrit	Johnston	ajohnston3u@myspace.com	Female	195.154.122.106
140	Kimberley	Dimitriou	kdimitriou3v@archive.org	Female	243.249.236.48
141	Zola	Kiellor	zkiellor3w@dmoz.org	Female	130.196.126.89
142	Raul	Althorp	ralthorp3x@lycos.com	Male	217.65.134.70
143	Puff	Kibbye	pkibbye3y@google.co.jp	Male	85.91.121.136
144	Herculie	Charlewood	hcharlewood3z@answers.com	Male	76.45.0.214
145	Trueman	Ryhorovich	tryhorovich40@house.gov	Male	115.216.121.238
146	Joan	Eckh	jeckh41@narod.ru	Female	163.90.51.75
147	Illa	Illingworth	iillingworth42@nationalgeographic.com	Female	254.173.149.193
148	Maurits	Gullane	mgullane43@intel.com	Male	9.213.162.9
149	Arch	Cuskery	acuskery44@ucsd.edu	Male	157.199.212.161
150	Delmore	Horrod	dhorrod45@biblegateway.com	Male	231.139.35.173
151	Shelby	Vakhonin	svakhonin46@dot.gov	Female	215.234.10.156
152	Frazier	McMeekan	fmcmeekan47@zdnet.com	Male	219.187.9.96
153	Idette	Garshore	igarshore48@tmall.com	Female	215.2.121.4
154	Mic	Mc Grath	mmcgrath49@ft.com	Male	61.201.239.220
155	Odie	Koppens	okoppens4a@lulu.com	Male	119.6.241.247
156	Gardener	O'Hoey	gohoey4b@geocities.com	Male	249.79.172.197
157	Dorice	Hercules	dhercules4c@eventbrite.com	Female	247.30.111.38
158	Joellyn	Mathiot	jmathiot4d@usa.gov	Female	198.100.63.235
159	Audrey	Doud	adoud4e@networkadvertising.org	Female	126.36.247.138
160	Lenci	Pendred	lpendred4f@i2i.jp	Male	20.135.2.226
161	Kirstyn	Draijer	kdraijer4g@sina.com.cn	Female	6.243.88.80
162	Fancie	Robertet	frobertet4h@de.vu	Female	213.136.132.239
163	Isidor	Macieiczyk	imacieiczyk4i@addthis.com	Male	202.162.158.120
164	Olia	Cornewall	ocornewall4j@hc360.com	Female	11.23.51.123
165	Darrick	Bohlmann	dbohlmann4k@geocities.com	Male	35.228.56.21
166	Nerti	Gligori	ngligori4l@cnbc.com	Female	227.39.173.243
167	Retha	Balke	rbalke4m@newsvine.com	Female	84.71.132.33
168	Melvin	Woodwin	mwoodwin4n@uiuc.edu	Male	3.48.219.19
169	Levey	Dealy	ldealy4o@google.it	Male	166.154.70.63
170	Clemence	Stollman	cstollman4p@illinois.edu	Female	230.251.140.109
171	Brnaby	Aingell	baingell4q@trellian.com	Male	244.35.85.68
172	Lynn	Gillean	lgillean4r@dailymail.co.uk	Male	247.51.112.19
173	Talbert	Dumberell	tdumberell4s@fema.gov	Male	228.214.174.138
174	Callean	Eglaise	ceglaise4t@google.it	Male	113.49.73.82
175	Stanton	Kidstoun	skidstoun4u@cpanel.net	Male	87.75.240.122
176	Benoite	Mate	bmate4v@ibm.com	Female	157.15.122.135
177	Malinde	Mell	mmell4w@youtube.com	Female	219.84.89.33
178	Nolly	Purdie	npurdie4x@si.edu	Male	250.160.214.165
179	Antonio	Ioselev	aioselev4y@tumblr.com	Male	175.138.102.215
180	Rhetta	Toke	rtoke4z@yellowbook.com	Female	247.213.147.152
181	Randy	Lavender	rlavender50@nymag.com	Male	175.65.212.40
182	Catlin	Densun	cdensun51@ow.ly	Female	130.215.9.181
183	Austina	Weakley	aweakley52@youtube.com	Female	122.135.35.140
184	Murial	Fairlem	mfairlem53@pen.io	Female	252.136.68.99
185	Barbey	Eley	beley54@weibo.com	Female	69.124.42.151
186	Romona	McCully	rmccully55@ebay.co.uk	Female	99.135.146.231
187	Valentijn	Giblett	vgiblett56@amazon.co.uk	Male	31.211.224.56
188	Law	Calliss	lcalliss57@hibu.com	Male	19.143.40.75
189	Elisha	Sidle	esidle58@ca.gov	Male	127.234.80.244
190	Harbert	Eitter	heitter59@intel.com	Male	209.72.117.249
191	Shina	Grigorey	sgrigorey5a@bloomberg.com	Female	168.203.81.89
192	Sylvester	Lovering	slovering5b@statcounter.com	Male	167.75.66.53
193	Jammie	Cheese	jcheese5c@discovery.com	Female	147.49.71.87
194	Priscilla	Solomonides	psolomonides5d@irs.gov	Female	48.1.238.39
195	Marlo	Padden	mpadden5e@cdbaby.com	Female	171.136.24.126
196	Margarita	Killeley	mkilleley5f@jiathis.com	Female	31.13.77.101
197	Jacquie	Kirtland	jkirtland5g@quantcast.com	Female	251.121.205.118
198	Pate	Audas	paudas5h@rakuten.co.jp	Male	197.207.72.56
199	Teodoro	Kellett	tkellett5i@i2i.jp	Male	138.169.240.80
200	Merry	Hurton	mhurton5j@microsoft.com	Female	120.231.169.142
201	Joseito	Ellingham	jellingham5k@theglobeandmail.com	Male	14.104.145.171
202	Emmeline	Howcroft	ehowcroft5l@vimeo.com	Female	5.38.118.44
203	Monro	Minillo	mminillo5m@marketwatch.com	Male	103.164.67.72
204	Jone	Tissiman	jtissiman5n@sfgate.com	Male	162.34.199.192
205	Leroy	Juleff	ljuleff5o@uol.com.br	Male	175.227.156.13
206	Greggory	Tommasuzzi	gtommasuzzi5p@elpais.com	Male	92.250.129.72
207	Claudian	Dibner	cdibner5q@w3.org	Male	201.155.72.4
208	Perry	Peddie	ppeddie5r@lulu.com	Female	5.239.252.214
209	Juan	Hedditch	jhedditch5s@usatoday.com	Male	244.127.40.134
210	Ellynn	Hadaway	ehadaway5t@jimdo.com	Female	20.189.168.158
211	Jaquenetta	Radloff	jradloff5u@discovery.com	Female	223.128.13.7
212	Connor	Sandbrook	csandbrook5v@imageshack.us	Male	249.228.196.229
213	Hermie	Dering	hdering5w@friendfeed.com	Male	98.222.35.5
214	Honoria	Abbado	habbado5x@unblog.fr	Female	100.242.233.70
215	Salome	Webber	swebber5y@youtu.be	Female	208.10.157.67
216	Jens	Le Sieur	jlesieur5z@dion.ne.jp	Male	214.99.179.145
217	Lila	Chattaway	lchattaway60@drupal.org	Female	20.34.128.149
218	Jonathon	Soden	jsoden61@theguardian.com	Male	112.240.171.179
219	Vernice	Trett	vtrett62@is.gd	Female	13.118.226.10
220	Aloysius	Vakhonin	avakhonin63@google.ca	Male	175.134.122.141
221	Christalle	Gullifant	cgullifant64@dell.com	Female	234.226.208.37
222	Izak	Collough	icollough65@desdev.cn	Male	141.149.81.223
223	Clarey	Chalfain	cchalfain66@webeden.co.uk	Female	17.172.182.17
224	Ainslie	Denford	adenford67@xing.com	Female	105.28.254.13
225	Vinnie	Klug	vklug68@gov.uk	Female	93.19.44.133
226	Shurwood	Kyne	skyne69@howstuffworks.com	Male	166.2.140.92
227	Laurice	Fulford	lfulford6a@devhub.com	Female	185.255.192.119
228	Yale	Bainbridge	ybainbridge6b@arizona.edu	Male	218.227.13.128
229	Jacquelin	Ioannou	jioannou6c@virginia.edu	Female	129.246.111.36
230	Madelene	MacNulty	mmacnulty6d@mozilla.org	Female	158.177.232.103
231	Thornie	Lince	tlince6e@chron.com	Male	192.73.58.162
232	Kevan	Phuprate	kphuprate6f@earthlink.net	Male	158.125.65.206
233	Xenia	Firbanks	xfirbanks6g@upenn.edu	Female	133.30.98.22
234	Robinette	Gammel	rgammel6h@google.com.hk	Female	163.90.79.100
235	Emalee	Kingsworth	ekingsworth6i@springer.com	Female	222.229.151.8
236	Glenda	Georgius	ggeorgius6j@arstechnica.com	Female	51.63.228.8
237	Ginni	Durie	gdurie6k@shinystat.com	Female	19.2.175.112
238	Enrique	Pionter	epionter6l@fotki.com	Male	113.124.86.36
239	Tracie	Giovannoni	tgiovannoni6m@mlb.com	Female	189.181.43.226
240	Gordie	Law	glaw6n@unblog.fr	Male	223.214.26.133
241	Karlens	Saladine	ksaladine6o@homestead.com	Male	4.81.99.50
242	Carita	Thunnercliff	cthunnercliff6p@mozilla.org	Female	191.76.36.61
243	Rafaello	Woolley	rwoolley6q@ucoz.com	Male	65.229.50.25
244	Thornie	Cross	tcross6r@icio.us	Male	90.152.85.106
245	Cilka	Vinau	cvinau6s@wikipedia.org	Female	18.68.163.96
246	Zebedee	Doughty	zdoughty6t@yelp.com	Male	211.41.7.49
247	Jeddy	Brockington	jbrockington6u@nymag.com	Male	110.164.39.146
248	Natalie	Coad	ncoad6v@ed.gov	Female	48.111.108.242
249	Niccolo	Hiscoe	nhiscoe6w@amazon.de	Male	225.160.112.221
250	Marlane	Coomer	mcoomer6x@si.edu	Female	42.70.218.58
251	Jerald	Blaszkiewicz	jblaszkiewicz6y@ed.gov	Male	20.126.90.77
252	Nathaniel	Tooze	ntooze6z@google.com.au	Male	5.214.102.136
253	Connie	Barnwille	cbarnwille70@livejournal.com	Female	209.11.176.96
254	Jonell	Glowach	jglowach71@drupal.org	Female	73.194.30.72
255	Tabby	Bowyer	tbowyer72@sakura.ne.jp	Female	179.191.237.5
256	Avis	Roxbrough	aroxbrough73@google.it	Female	156.181.7.45
257	Priscilla	Pallatina	ppallatina74@elpais.com	Female	223.96.10.206
258	Aaren	Caws	acaws75@goodreads.com	Female	174.1.1.113
259	Kerk	Satchel	ksatchel76@cnn.com	Male	27.225.152.164
260	Collete	Trevillion	ctrevillion77@uiuc.edu	Female	133.108.197.80
261	Lazaro	Grisewood	lgrisewood78@washingtonpost.com	Male	44.164.233.184
262	Nady	Posselt	nposselt79@ycombinator.com	Female	10.153.73.115
263	Olive	Louche	olouche7a@blogger.com	Female	136.191.195.141
264	Pennie	Kirkman	pkirkman7b@salon.com	Female	157.55.92.180
265	Galvin	Snowdon	gsnowdon7c@hp.com	Male	219.36.148.233
266	Miller	Risdale	mrisdale7d@goodreads.com	Male	82.93.28.57
267	Gilberto	Seamarke	gseamarke7e@sbwire.com	Male	189.124.74.28
268	Hayward	Dongall	hdongall7f@hibu.com	Male	47.81.17.151
269	Nev	Singh	nsingh7g@bloomberg.com	Male	105.1.181.122
270	Sergent	Klasen	sklasen7h@hexun.com	Male	99.236.121.237
271	Steffi	Readings	sreadings7i@umich.edu	Female	71.138.140.215
272	Lorena	Damper	ldamper7j@meetup.com	Female	62.151.149.56
273	Caddric	Impett	cimpett7k@prnewswire.com	Male	223.18.106.233
274	Dreddy	Chessor	dchessor7l@prnewswire.com	Female	147.50.39.187
275	Mariann	Ellick	mellick7m@icio.us	Female	162.225.207.159
276	Atalanta	Dietz	adietz7n@wikipedia.org	Female	132.80.195.77
277	Wanda	Rouff	wrouff7o@europa.eu	Female	152.7.170.195
278	Andrej	De Vaux	adevaux7p@home.pl	Male	51.242.49.61
279	Federica	Burnett	fburnett7q@wikipedia.org	Female	27.198.180.204
280	Reggis	Greene	rgreene7r@exblog.jp	Male	59.251.94.11
281	Lisetta	Van den Broek	lvandenbroek7s@harvard.edu	Female	86.179.90.34
282	Devinne	Schurig	dschurig7t@php.net	Female	63.66.52.123
283	Isidora	Deluze	ideluze7u@mashable.com	Female	154.190.233.57
284	Theo	Pendrick	tpendrick7v@taobao.com	Male	157.158.170.210
285	Raphaela	Pikesley	rpikesley7w@loc.gov	Female	224.212.75.99
286	Delcine	Northidge	dnorthidge7x@phpbb.com	Female	22.139.30.142
287	Osbert	Mullett	omullett7y@noaa.gov	Male	180.37.246.197
288	Doyle	Pfeffer	dpfeffer7z@apache.org	Male	173.245.167.226
289	Aleta	Coupman	acoupman80@microsoft.com	Female	229.141.31.82
290	Milty	Munnery	mmunnery81@freewebs.com	Male	48.195.180.111
291	Shandie	Dolligon	sdolligon82@accuweather.com	Female	129.194.187.29
292	Nicholas	Fettiplace	nfettiplace83@t-online.de	Male	128.230.137.2
293	Marleen	Witterick	mwitterick84@paypal.com	Female	200.213.182.47
294	Reena	Postans	rpostans85@wikispaces.com	Female	39.213.115.16
295	Fayina	Wells	fwells86@examiner.com	Female	49.133.122.96
296	Oswald	Lynd	olynd87@loc.gov	Male	145.196.16.128
297	Horst	Ceyssen	hceyssen88@hp.com	Male	114.114.177.101
298	Elihu	Domaschke	edomaschke89@foxnews.com	Male	131.181.193.168
299	Davide	Beecraft	dbeecraft8a@wired.com	Male	167.122.92.180
300	Evanne	Georghiou	egeorghiou8b@google.ru	Female	116.72.140.190
301	Aila	Grouse	agrouse8c@shareasale.com	Female	108.21.19.38
302	Georgianne	Moors	gmoors8d@samsung.com	Female	49.14.218.64
303	Stefa	Towns	stowns8e@princeton.edu	Female	91.34.179.50
304	Reinaldos	Grinishin	rgrinishin8f@canalblog.com	Male	21.3.23.13
305	Roy	Birchwood	rbirchwood8g@bing.com	Male	86.124.253.61
306	Baillie	Garnsworth	bgarnsworth8h@dailymotion.com	Male	114.114.99.217
307	Rosa	Waddy	rwaddy8i@dell.com	Female	64.199.73.7
308	Adah	Biswell	abiswell8j@amazon.de	Female	175.85.67.157
309	Samara	Miko	smiko8k@arstechnica.com	Female	90.160.66.44
310	Richardo	Tapscott	rtapscott8l@cdbaby.com	Male	43.223.123.181
311	Carlen	Zarfai	czarfai8m@phpbb.com	Female	2.88.110.13
312	Shana	Couling	scouling8n@ameblo.jp	Female	22.130.42.166
313	Scarlet	Escalera	sescalera8o@freewebs.com	Female	79.212.194.110
314	Gifford	Fellona	gfellona8p@scientificamerican.com	Male	205.126.126.168
315	Erv	Clarkin	eclarkin8q@ustream.tv	Male	52.255.102.93
316	Emlen	Steptow	esteptow8r@google.ru	Male	51.104.253.173
317	Roseline	Yelyashev	ryelyashev8s@disqus.com	Female	135.243.128.172
318	Lenna	Watsam	lwatsam8t@squarespace.com	Female	219.59.144.119
319	Silvanus	Fieller	sfieller8u@nytimes.com	Male	233.31.98.173
320	Abbye	Shovlar	ashovlar8v@tinypic.com	Female	115.34.103.0
321	Toddy	Prodrick	tprodrick8w@harvard.edu	Male	197.111.48.129
322	Heywood	Poyntz	hpoyntz8x@123-reg.co.uk	Male	246.245.189.174
323	Vachel	Bridgwater	vbridgwater8y@alibaba.com	Male	156.153.162.54
324	Harmon	Francie	hfrancie8z@google.com	Male	235.23.61.67
325	Seumas	Berndt	sberndt90@eventbrite.com	Male	235.23.38.103
326	Kile	Dibbs	kdibbs91@domainmarket.com	Male	29.139.19.224
327	Morlee	Josephs	mjosephs92@house.gov	Male	200.163.187.220
328	Gregorius	Gogin	ggogin93@omniture.com	Male	78.223.68.48
329	Ailyn	Pesik	apesik94@hc360.com	Female	231.117.48.232
330	Callida	Cackett	ccackett95@instagram.com	Female	207.75.248.49
331	Hunter	Palliser	hpalliser96@businesswire.com	Male	155.224.200.64
332	Beverlee	Tanton	btanton97@dot.gov	Female	73.12.28.9
333	Clerkclaude	Grumell	cgrumell98@japanpost.jp	Male	103.168.24.132
334	Delores	Merrikin	dmerrikin99@blogger.com	Female	11.164.210.254
335	Brandtr	Loyd	bloyd9a@ucoz.ru	Male	244.20.168.206
336	Gisele	Di Iorio	gdiiorio9b@un.org	Female	135.68.173.104
337	Toni	Autin	tautin9c@fc2.com	Female	15.226.201.0
338	Dallon	Sissot	dsissot9d@moonfruit.com	Male	160.194.138.248
339	Stephen	Devons	sdevons9e@whitehouse.gov	Male	4.53.233.184
340	Marijn	Laurens	mlaurens9f@forbes.com	Male	138.34.103.218
341	Kittie	Beaze	kbeaze9g@facebook.com	Female	149.138.183.4
342	Garvy	Winterflood	gwinterflood9h@reddit.com	Male	141.116.43.176
343	Reynard	Shaw	rshaw9i@ameblo.jp	Male	81.27.182.252
344	Guillaume	Lettington	glettington9j@odnoklassniki.ru	Male	157.170.139.96
345	Ivy	Roscamps	iroscamps9k@ameblo.jp	Female	170.20.42.113
346	Stavros	Kealey	skealey9l@google.ca	Male	248.174.204.183
347	Liam	Maiden	lmaiden9m@bloglovin.com	Male	188.119.176.7
348	Jared	Gozney	jgozney9n@squarespace.com	Male	51.52.76.100
349	Rab	Debney	rdebney9o@wsj.com	Male	104.215.213.108
350	Carlyle	Howitt	chowitt9p@craigslist.org	Male	208.163.191.150
351	Averyl	Durdy	adurdy9q@miitbeian.gov.cn	Female	212.173.85.180
352	Robinet	Becks	rbecks9r@hhs.gov	Male	36.131.112.237
353	Seka	Srutton	ssrutton9s@google.ru	Female	64.243.212.207
354	Linda	MacAlister	lmacalister9t@com.com	Female	175.253.45.237
355	Terri	Kubica	tkubica9u@unblog.fr	Female	42.241.225.157
356	Chickie	Lorent	clorent9v@auda.org.au	Male	177.100.195.15
357	Shandra	Imlock	simlock9w@arizona.edu	Female	76.25.42.41
358	Hewet	Kochel	hkochel9x@nymag.com	Male	25.102.126.80
359	Giraldo	Revel	grevel9y@plala.or.jp	Male	166.103.80.110
360	Osgood	Westrey	owestrey9z@constantcontact.com	Male	3.113.183.67
361	Darnell	Timlin	dtimlina0@google.ru	Male	190.228.17.137
362	Griz	Pettyfar	gpettyfara1@nba.com	Male	34.170.214.250
363	Osborne	Andreev	oandreeva2@guardian.co.uk	Male	252.114.22.38
364	Valerye	Wisbey	vwisbeya3@cyberchimps.com	Female	209.98.112.108
365	Aloise	Claricoats	aclaricoatsa4@posterous.com	Female	146.30.106.40
366	Fionna	Wakerley	fwakerleya5@imdb.com	Female	116.53.65.98
367	Kelli	Croxon	kcroxona6@plala.or.jp	Female	122.21.220.5
368	Udall	Speek	uspeeka7@ning.com	Male	59.202.123.160
369	Kalila	Berndtsson	kberndtssona8@prweb.com	Female	109.85.242.218
370	Michaela	Lamshead	mlamsheada9@uol.com.br	Female	98.79.58.3
371	Putnem	Tambling	ptamblingaa@google.ru	Male	49.255.245.200
372	Sibyl	Arnull	sarnullab@clickbank.net	Male	55.97.192.184
373	Myrah	Jerrard	mjerrardac@weebly.com	Female	34.61.161.209
374	Lola	Gogin	lgoginad@blogtalkradio.com	Female	122.252.210.169
375	Gun	Sheasby	gsheasbyae@cmu.edu	Male	189.194.216.78
376	Andriette	Dimelow	adimelowaf@nyu.edu	Female	70.251.190.205
377	Gilberto	Kersey	gkerseyag@webnode.com	Male	83.112.4.156
378	Holly	Van der Kruijs	hvanderkruijsah@weibo.com	Female	18.98.213.246
379	Wallie	Josling	wjoslingai@webs.com	Female	139.69.145.72
380	Riordan	Pettyfar	rpettyfaraj@csmonitor.com	Male	112.66.128.169
381	Kinnie	Goodee	kgoodeeak@prweb.com	Male	53.22.133.248
382	Welch	Bicknell	wbicknellal@sohu.com	Male	237.208.199.17
383	Lorenza	Baistow	lbaistowam@so-net.ne.jp	Female	231.36.54.46
384	Craig	Canepe	ccanepean@forbes.com	Male	73.123.43.210
385	Shurlocke	Dyet	sdyetao@last.fm	Male	123.133.33.165
386	Aldrich	Catcherside	acatchersideap@redcross.org	Male	173.106.143.0
387	Mandel	Mangion	mmangionaq@cargocollective.com	Male	109.58.140.58
388	Baxie	Tonn	btonnar@mozilla.org	Male	139.39.40.142
389	Milton	Willmett	mwillmettas@cargocollective.com	Male	54.221.122.178
390	Bernetta	Fleis	bfleisat@cisco.com	Female	158.76.176.185
391	Iormina	Vanyutin	ivanyutinau@nature.com	Female	245.21.230.163
392	Monte	Moncaster	mmoncasterav@qq.com	Male	129.72.19.13
393	Lanae	Rout	lroutaw@prlog.org	Female	191.9.230.0
394	Orazio	Peiser	opeiserax@weather.com	Male	209.63.28.26
395	Niels	Bruno	nbrunoay@symantec.com	Male	126.170.246.35
396	Dara	Middlewick	dmiddlewickaz@mac.com	Female	26.149.199.236
397	Katuscha	Rain	krainb0@desdev.cn	Female	44.67.207.78
398	Ernaline	Hebner	ehebnerb1@eventbrite.com	Female	242.43.10.85
399	Sim	Whithalgh	swhithalghb2@latimes.com	Male	160.21.107.170
400	Georgie	McCurdy	gmccurdyb3@gmpg.org	Male	25.59.209.55
401	Kilian	Fuchs	kfuchsb4@accuweather.com	Male	247.255.157.3
402	Leonerd	Vannucci	lvannuccib5@ning.com	Male	92.154.236.71
403	Brandy	Bockett	bbockettb6@yahoo.com	Female	16.81.165.88
404	Avery	Lacasa	alacasab7@yolasite.com	Male	238.102.136.47
405	Johan	Coneron	jconeronb8@yandex.ru	Male	198.134.210.72
406	Ronalda	Gilvear	rgilvearb9@rakuten.co.jp	Female	207.98.126.101
407	Vail	Margarson	vmargarsonba@cnbc.com	Male	151.106.222.76
408	Lilly	Gatch	lgatchbb@netvibes.com	Female	18.8.242.38
409	Dannel	Glassman	dglassmanbc@woothemes.com	Male	4.214.34.195
410	Gregory	Reace	greacebd@lycos.com	Male	193.111.84.17
411	Thomasina	Potes	tpotesbe@gmpg.org	Female	20.148.209.186
412	Marianne	Pennoni	mpennonibf@virginia.edu	Female	125.121.86.213
413	Shaun	Long	slongbg@pbs.org	Male	139.83.93.63
414	Tomkin	Laming	tlamingbh@fda.gov	Male	201.228.108.193
415	Batholomew	Blowfelde	bblowfeldebi@sina.com.cn	Male	154.181.129.121
416	Lisetta	McLaverty	lmclavertybj@myspace.com	Female	36.218.142.17
417	Javier	Ferrers	jferrersbk@mlb.com	Male	24.242.11.109
418	Mile	Heathfield	mheathfieldbl@sakura.ne.jp	Male	1.134.101.84
419	Ninon	Renals	nrenalsbm@cyberchimps.com	Female	224.78.146.129
420	Larine	Yeeles	lyeelesbn@linkedin.com	Female	64.130.91.205
421	Elnore	Baptiste	ebaptistebo@abc.net.au	Female	136.95.217.184
422	Hank	Brazil	hbrazilbp@meetup.com	Male	94.21.12.75
423	Olav	Ouldred	oouldredbq@discuz.net	Male	40.25.220.157
424	Dunc	Filippyev	dfilippyevbr@comsenz.com	Male	128.176.57.138
425	Oberon	Waith	owaithbs@spiegel.de	Male	22.176.20.78
426	Gavrielle	MacLoughlin	gmacloughlinbt@who.int	Female	100.162.26.111
427	Ariel	Milton	amiltonbu@arizona.edu	Female	193.247.214.220
428	Idaline	Johnikin	ijohnikinbv@canalblog.com	Female	162.97.161.89
429	Jonah	Stigell	jstigellbw@businesswire.com	Male	180.81.76.143
430	Giovanna	Vanderplas	gvanderplasbx@nature.com	Female	255.214.215.142
431	Olag	Forsdicke	oforsdickeby@archive.org	Male	178.196.84.118
432	Antons	Romanet	aromanetbz@geocities.com	Male	138.94.22.23
433	Loralyn	Christie	lchristiec0@si.edu	Female	127.166.96.58
434	Dar	Blastock	dblastockc1@guardian.co.uk	Male	160.160.219.242
435	Phedra	Dibbe	pdibbec2@live.com	Female	210.36.68.44
436	Alverta	Farlane	afarlanec3@chron.com	Female	122.81.24.160
437	Kale	Colebourne	kcolebournec4@plala.or.jp	Male	137.31.20.156
438	Amalie	Eardley	aeardleyc5@shinystat.com	Female	173.233.70.60
439	Sharron	Murrey	smurreyc6@biglobe.ne.jp	Female	149.5.21.255
440	Stephen	Hedman	shedmanc7@goo.gl	Male	53.203.183.102
441	Man	Allot	mallotc8@slashdot.org	Male	162.101.201.216
442	Adriena	Betje	abetjec9@oaic.gov.au	Female	92.226.224.38
443	Annalise	Jozefczak	ajozefczakca@youtu.be	Female	244.207.154.32
444	Ilene	Hick	ihickcb@jiathis.com	Female	195.160.172.12
445	Abbye	Pardi	apardicc@opera.com	Female	128.10.158.42
446	Odele	Gouny	ogounycd@stumbleupon.com	Female	94.243.241.28
447	Sheela	Newborn	snewbornce@posterous.com	Female	197.4.136.241
448	Charmaine	Nunn	cnunncf@umich.edu	Female	25.120.63.215
449	Van	Siaskowski	vsiaskowskicg@cpanel.net	Male	38.97.14.49
450	Rusty	Lippitt	rlippittch@vinaora.com	Male	53.143.97.132
451	Regen	Ricca	rriccaci@alibaba.com	Male	188.42.85.134
452	Annalise	Phayre	aphayrecj@google.cn	Female	62.55.127.54
453	Thaddeus	Cleugh	tcleughck@mysql.com	Male	22.253.61.232
454	Dede	Paxforde	dpaxfordecl@reuters.com	Female	49.55.10.114
455	Pablo	Stirley	pstirleycm@cnbc.com	Male	235.242.160.148
456	Curran	Ivanuschka	civanuschkacn@netvibes.com	Male	72.158.83.150
457	Camel	Morse	cmorseco@furl.net	Female	19.2.191.45
458	Adlai	Hestrop	ahestropcp@biglobe.ne.jp	Male	158.143.33.48
459	Corny	Leggen	cleggencq@google.co.jp	Male	151.232.153.217
460	Gino	Salway	gsalwaycr@ning.com	Male	135.72.230.148
461	Leopold	Vivers	lviverscs@technorati.com	Male	2.56.250.19
462	Dex	Haistwell	dhaistwellct@joomla.org	Male	242.220.42.213
463	Janine	Calderon	jcalderoncu@g.co	Female	17.48.107.85
464	Olympe	Apdell	oapdellcv@last.fm	Female	123.107.138.8
465	Gayle	Niland	gnilandcw@google.cn	Male	223.108.144.103
466	Stephen	Kneal	sknealcx@list-manage.com	Male	251.212.163.51
467	Ibby	Tofanelli	itofanellicy@narod.ru	Female	78.212.142.28
468	Myrvyn	Ivanusyev	mivanusyevcz@imdb.com	Male	181.60.119.233
469	Kaleb	Brisley	kbrisleyd0@opera.com	Male	152.53.128.199
470	Bride	Pering	bperingd1@taobao.com	Female	157.47.94.187
471	Joey	Moorfield	jmoorfieldd2@quantcast.com	Female	0.114.152.40
472	Mellie	Seacombe	mseacombed3@discuz.net	Female	55.106.226.233
473	Lew	Towler	ltowlerd4@naver.com	Male	91.125.181.197
474	Austin	Manske	amansked5@amazon.com	Male	26.202.90.94
475	Sophi	Lehmann	slehmannd6@foxnews.com	Female	201.228.173.63
476	Nanete	Howsden	nhowsdend7@live.com	Female	228.12.137.50
477	Doralynn	Stockdale	dstockdaled8@twitter.com	Female	110.55.86.189
478	Pietra	Oldcroft	poldcroftd9@timesonline.co.uk	Female	49.1.209.116
479	Antonina	Cressy	acressyda@merriam-webster.com	Female	1.31.216.195
480	William	Spedroni	wspedronidb@jigsy.com	Male	132.76.255.58
481	Gabby	Marczyk	gmarczykdc@photobucket.com	Male	142.104.31.52
482	Oralle	Jessop	ojessopdd@exblog.jp	Female	81.138.96.252
483	Kordula	MacSween	kmacsweende@hao123.com	Female	33.61.50.81
484	Clare	Halfpenny	chalfpennydf@rediff.com	Female	21.72.81.122
485	Marika	Gledstane	mgledstanedg@google.fr	Female	205.233.155.127
486	Trueman	Vickars	tvickarsdh@amazon.com	Male	44.105.232.41
487	Gilligan	Peakman	gpeakmandi@eepurl.com	Female	36.51.247.227
488	Rodrick	Thackston	rthackstondj@nhs.uk	Male	234.144.21.19
489	Arlin	Kevane	akevanedk@instagram.com	Male	233.14.152.203
490	Asia	Hasker	ahaskerdl@nsw.gov.au	Female	106.224.233.115
491	Kriste	Clarae	kclaraedm@timesonline.co.uk	Female	0.61.35.65
492	Leonore	Arsnell	larsnelldn@army.mil	Female	14.223.224.153
493	Joseito	Ferrarin	jferrarindo@cyberchimps.com	Male	22.224.161.167
494	Zebulen	Crippes	zcrippesdp@dion.ne.jp	Male	16.4.93.100
495	Sigrid	Davana	sdavanadq@wikia.com	Female	212.27.157.199
496	Bren	Hutcheon	bhutcheondr@studiopress.com	Male	109.160.91.125
497	Rourke	McAvaddy	rmcavaddyds@house.gov	Male	134.150.124.35
498	Granthem	Critchard	gcritcharddt@php.net	Male	34.213.125.219
499	Merwin	Rumgay	mrumgaydu@csmonitor.com	Male	101.49.183.165
500	Virgilio	Priditt	vpridittdv@weebly.com	Male	142.244.44.26
501	Diandra	Seakin	dseakindw@shutterfly.com	Female	87.34.115.142
502	Val	Duke	vdukedx@geocities.com	Male	121.146.156.160
503	Stephanus	Van der Velden	svanderveldendy@domainmarket.com	Male	130.42.73.48
504	Joyan	Thomsen	jthomsendz@deliciousdays.com	Female	226.136.243.211
505	Hugibert	Drowsfield	hdrowsfielde0@github.com	Male	62.64.171.0
506	Shela	Branscombe	sbranscombee1@illinois.edu	Female	60.21.204.51
507	Tabina	Challenger	tchallengere2@meetup.com	Female	66.224.141.200
508	Myrna	Irving	mirvinge3@comcast.net	Female	163.3.173.208
509	Danya	Klouz	dklouze4@ted.com	Male	233.97.92.213
510	Willyt	Reece	wreecee5@yandex.ru	Female	144.89.34.34
511	Danella	Catton	dcattone6@cnn.com	Female	254.80.183.40
512	Wittie	Gravatt	wgravatte7@fema.gov	Male	83.13.59.102
513	Izabel	Wooff	iwooffe8@java.com	Female	249.92.26.99
514	Maximilian	Allenby	mallenbye9@ca.gov	Male	33.214.128.37
515	Kinnie	Clipson	kclipsonea@amazon.de	Male	93.169.49.229
516	Garrick	Brandacci	gbrandaccieb@smugmug.com	Male	59.120.246.39
517	Felecia	Wintringham	fwintringhamec@a8.net	Female	90.45.137.186
518	Aaron	Cator	acatored@nymag.com	Male	121.229.174.30
519	Rafaelita	Beatens	rbeatensee@about.com	Female	186.173.50.114
520	Thornton	Makinson	tmakinsonef@shop-pro.jp	Male	202.70.246.249
521	Artus	Vinick	avinickeg@gnu.org	Male	168.85.128.192
522	Cathleen	Deluca	cdelucaeh@nytimes.com	Female	81.90.19.107
523	Farrah	Wainer	fwainerei@sun.com	Female	234.160.139.95
524	Hobey	Kiffin	hkiffinej@indiatimes.com	Male	107.227.17.155
525	Redd	Saffle	rsaffleek@ca.gov	Male	63.15.142.169
526	Jackie	Bum	jbumel@plala.or.jp	Male	29.153.105.73
527	Kalindi	Shillabeer	kshillabeerem@independent.co.uk	Female	161.84.169.33
528	Curtice	Eliaz	celiazen@w3.org	Male	107.212.172.200
529	Karrie	Penwarden	kpenwardeneo@123-reg.co.uk	Female	11.250.79.225
530	Kip	Lequeux	klequeuxep@foxnews.com	Female	252.246.21.103
531	Perry	Caroline	pcarolineeq@bandcamp.com	Male	254.122.153.111
532	Malynda	Lent	mlenter@nasa.gov	Female	125.43.115.174
533	Leilah	Booler	lbooleres@goo.ne.jp	Female	133.231.43.234
534	Mickie	Doorey	mdooreyet@yolasite.com	Male	10.33.103.145
535	Jerome	Batiste	jbatisteeu@hc360.com	Male	233.143.167.151
536	Annmarie	Butteris	abutterisev@google.nl	Female	147.33.122.227
537	Tamqrah	Colegrove	tcolegroveew@topsy.com	Female	141.207.255.182
538	Arie	Sumpner	asumpnerex@skype.com	Male	233.215.22.91
539	Kenny	Radke	kradkeey@4shared.com	Male	96.0.185.120
540	Bernardo	Paulley	bpaulleyez@howstuffworks.com	Male	238.47.21.186
541	Alicea	Rochester	arochesterf0@cyberchimps.com	Female	60.141.30.45
542	Winfred	McElvine	wmcelvinef1@lycos.com	Male	95.210.200.129
543	Fina	Belhomme	fbelhommef2@cafepress.com	Female	254.95.11.56
544	Jandy	Brewett	jbrewettf3@blogs.com	Female	113.236.136.134
545	Ileane	Jealous	ijealousf4@walmart.com	Female	31.220.56.221
546	Nata	Leate	nleatef5@yandex.ru	Female	162.254.166.245
547	Willard	Convery	wconveryf6@wunderground.com	Male	144.100.103.98
548	Nariko	Dunklee	ndunkleef7@wufoo.com	Female	170.50.172.20
549	Fletcher	Fenimore	ffenimoref8@ebay.com	Male	200.181.211.180
550	Rufe	Kornousek	rkornousekf9@phpbb.com	Male	181.154.229.181
551	Tiertza	Bentjens	tbentjensfa@hexun.com	Female	110.0.129.37
552	Raviv	Shory	rshoryfb@nyu.edu	Male	142.166.177.136
553	Berna	Hendrick	bhendrickfc@pcworld.com	Female	186.235.103.147
554	Brocky	Studdeard	bstuddeardfd@alibaba.com	Male	238.18.207.162
555	Klemens	Lacey	klaceyfe@ftc.gov	Male	14.150.1.17
556	Sondra	Sixsmith	ssixsmithff@bizjournals.com	Female	38.134.83.55
557	Silvain	Greatreax	sgreatreaxfg@livejournal.com	Male	53.253.248.25
558	Yard	Langfitt	ylangfittfh@princeton.edu	Male	186.205.164.2
559	Sheree	Heaviside	sheavisidefi@opera.com	Female	140.226.172.62
560	Ruthe	Pohl	rpohlfj@ihg.com	Female	93.72.51.167
561	Verene	Duligall	vduligallfk@ocn.ne.jp	Female	96.42.39.178
562	Aylmar	Pooke	apookefl@pen.io	Male	63.110.181.100
563	Noelle	Roston	nrostonfm@google.com.au	Female	182.86.144.163
564	Lavina	Edison	ledisonfn@ucla.edu	Female	244.104.184.122
565	Rodrick	Tancock	rtancockfo@mac.com	Male	162.206.194.104
566	Marsha	Tyre	mtyrefp@noaa.gov	Female	249.111.122.219
567	Modestine	Urpeth	murpethfq@wordpress.org	Female	203.230.8.111
568	Danna	Hirtzmann	dhirtzmannfr@icq.com	Female	27.17.2.155
569	Lucretia	Browell	lbrowellfs@chronoengine.com	Female	174.250.107.224
570	Chandra	Reynault	creynaultft@quantcast.com	Female	180.1.76.163
571	Joete	M'cowis	jmcowisfu@comsenz.com	Female	1.231.233.124
572	Ivett	Silliman	isillimanfv@biglobe.ne.jp	Female	218.20.1.245
573	Ashla	Dredge	adredgefw@histats.com	Female	14.178.160.150
574	Anallise	Ickovic	aickovicfx@storify.com	Female	47.74.112.111
575	Dan	Sealeaf	dsealeaffy@loc.gov	Male	105.175.230.225
576	Merrilee	Rosengarten	mrosengartenfz@pen.io	Female	93.144.0.136
577	Edan	Geggie	egeggieg0@blogs.com	Male	120.224.149.145
578	Dalis	Bottrill	dbottrillg1@samsung.com	Male	143.190.66.87
579	Erastus	Iacobucci	eiacobuccig2@booking.com	Male	36.1.53.88
580	Margalo	Robelow	mrobelowg3@princeton.edu	Female	6.177.4.83
581	Siobhan	Ebbings	sebbingsg4@who.int	Female	9.149.9.198
582	Otis	Antrack	oantrackg5@state.tx.us	Male	146.183.61.65
583	Berky	Clay	bclayg6@wikipedia.org	Male	84.112.72.6
584	Solomon	Rewan	srewang7@washingtonpost.com	Male	127.162.125.235
585	Emmalyn	Siney	esineyg8@yelp.com	Female	244.113.132.182
586	Courtney	Beavington	cbeavingtong9@discuz.net	Male	226.47.47.243
587	Anetta	Delacote	adelacotega@miibeian.gov.cn	Female	60.80.43.37
588	Laughton	Donavan	ldonavangb@state.tx.us	Male	211.138.196.170
589	Sylas	Harlowe	sharlowegc@topsy.com	Male	79.100.229.244
590	Eduard	Dawney	edawneygd@toplist.cz	Male	249.49.83.18
591	Madlen	Bruniges	mbrunigesge@ovh.net	Female	174.156.67.229
592	Lock	Dodimead	ldodimeadgf@wikimedia.org	Male	94.209.178.63
593	Krishnah	Grimster	kgrimstergg@mapy.cz	Male	161.211.195.110
594	Isadore	Wolfer	iwolfergh@alibaba.com	Male	37.93.109.225
595	Quintilla	O'Connell	qoconnellgi@tuttocitta.it	Female	204.242.109.63
596	Valeria	Lynthal	vlynthalgj@home.pl	Female	145.2.196.220
597	Melinda	Gatherer	mgatherergk@discovery.com	Female	126.201.238.141
598	Farah	Dover	fdovergl@newyorker.com	Female	227.187.56.7
599	Hatty	McGannon	hmcgannongm@instagram.com	Female	110.8.90.151
600	Jonathon	Jollie	jjolliegn@icq.com	Male	184.155.232.247
601	Jamie	Landers	jlandersgo@constantcontact.com	Male	71.12.99.59
602	Antonino	Balch	abalchgp@plala.or.jp	Male	205.167.250.240
603	Brook	Bilby	bbilbygq@hhs.gov	Male	250.113.56.241
604	Manfred	Whitehorne	mwhitehornegr@cam.ac.uk	Male	103.29.255.11
605	Latashia	Dalinder	ldalindergs@archive.org	Female	69.221.99.143
606	Harris	Postan	hpostangt@wikipedia.org	Male	217.78.51.238
607	Lynn	Sivil	lsivilgu@newsvine.com	Female	94.86.234.7
608	Alice	Bollam	abollamgv@reddit.com	Female	60.22.3.78
609	Garfield	Shipston	gshipstongw@webnode.com	Male	169.211.179.22
610	Reggi	Sunshine	rsunshinegx@hhs.gov	Female	15.112.78.237
611	Sharon	Hutcheons	shutcheonsgy@pagesperso-orange.fr	Female	78.163.216.243
612	Rosaline	Thirkettle	rthirkettlegz@washington.edu	Female	178.59.243.97
613	Winonah	Alcoran	walcoranh0@bigcartel.com	Female	124.147.149.230
614	Aleen	Guiot	aguioth1@dyndns.org	Female	183.112.17.172
615	Immanuel	Hundal	ihundalh2@google.co.uk	Male	87.74.81.234
616	Samson	Redhead	sredheadh3@about.me	Male	71.231.184.198
617	Bale	Cockett	bcocketth4@nymag.com	Male	0.155.175.175
618	Nealson	Haking	nhakingh5@ox.ac.uk	Male	183.234.245.46
619	Truman	Wyldes	twyldesh6@t-online.de	Male	119.127.248.27
620	Gaspar	Ianizzi	gianizzih7@newyorker.com	Male	204.149.81.171
621	Karlen	Shinn	kshinnh8@nps.gov	Female	253.133.45.86
622	Johnette	Pilbeam	jpilbeamh9@de.vu	Female	161.203.194.90
623	Herschel	Johannesson	hjohannessonha@illinois.edu	Male	177.231.30.82
624	Fayre	Filippello	ffilippellohb@sciencedirect.com	Female	244.193.203.127
625	Daryl	Grissett	dgrissetthc@woothemes.com	Female	100.244.234.147
626	Everard	King	ekinghd@csmonitor.com	Male	236.87.198.124
627	Tilda	Rowlstone	trowlstonehe@artisteer.com	Female	28.2.162.227
628	Dougy	Jahnig	djahnighf@google.ru	Male	28.140.222.48
629	Dur	La Vigne	dlavignehg@ihg.com	Male	175.79.165.255
630	Genia	Laste	glastehh@dailymotion.com	Female	25.197.120.3
631	Levy	Durtnel	ldurtnelhi@multiply.com	Male	166.172.90.147
632	Garvey	Doul	gdoulhj@guardian.co.uk	Male	26.188.88.222
633	Jaymee	Wrinch	jwrinchhk@themeforest.net	Female	217.70.24.213
634	Gloriane	Rathmell	grathmellhl@mashable.com	Female	134.61.250.114
635	Dido	Botfield	dbotfieldhm@privacy.gov.au	Female	221.118.19.201
636	Alon	Gianni	agiannihn@pinterest.com	Male	179.154.204.48
637	Gibby	Luckwell	gluckwellho@last.fm	Male	92.224.248.4
638	Vick	Novill	vnovillhp@miibeian.gov.cn	Male	17.245.202.2
639	Kizzie	Bourne	kbournehq@nba.com	Female	39.52.185.89
640	Vale	Witard	vwitardhr@live.com	Male	196.184.185.69
641	Barbabra	Park	bparkhs@paypal.com	Female	232.95.164.23
642	Tricia	Lorryman	tlorrymanht@geocities.jp	Female	105.109.170.83
643	Charita	Ffrench	cffrenchhu@abc.net.au	Female	217.72.180.72
644	Laughton	Loughnan	lloughnanhv@discuz.net	Male	7.27.180.19
645	Kimmie	Reubens	kreubenshw@twitter.com	Female	197.85.75.56
646	Alexander	Bettam	abettamhx@fotki.com	Male	100.127.12.53
647	Darryl	Rhyme	drhymehy@mtv.com	Male	11.194.232.47
648	Kincaid	Wonfor	kwonforhz@theatlantic.com	Male	179.73.61.230
649	Orelee	Dawid	odawidi0@ameblo.jp	Female	218.182.212.50
650	Malinda	Fellowes	mfellowesi1@jigsy.com	Female	76.87.144.173
651	Ricky	Stokoe	rstokoei2@i2i.jp	Female	0.11.186.59
652	Orrin	Mallabund	omallabundi3@ucla.edu	Male	171.185.100.223
653	Sabine	Bendson	sbendsoni4@google.com.hk	Female	157.161.64.131
654	Yehudit	Checkley	ycheckleyi5@jimdo.com	Male	123.171.104.57
655	Jenny	Klimentyev	jklimentyevi6@ocn.ne.jp	Female	180.6.243.56
656	Lora	Carrel	lcarreli7@1und1.de	Female	199.89.99.37
657	Bessy	Sendley	bsendleyi8@hibu.com	Female	39.129.24.44
658	Clemente	Diglin	cdiglini9@about.com	Male	232.68.191.57
659	Bili	Crowley	bcrowleyia@oracle.com	Female	26.204.40.223
660	Odo	Hanhardt	ohanhardtib@blinklist.com	Male	168.191.175.212
661	Ringo	Fairholme	rfairholmeic@thetimes.co.uk	Male	150.81.81.155
662	Lavina	Hurdman	lhurdmanid@twitter.com	Female	132.51.82.68
663	Halley	Tarborn	htarbornie@google.com.au	Female	148.213.204.72
664	Roi	Osgerby	rosgerbyif@yellowbook.com	Male	40.2.112.67
665	Thaine	Rowe	troweig@youtu.be	Male	199.72.143.64
666	Kain	Lowey	kloweyih@irs.gov	Male	125.192.97.126
667	Burnard	Meates	bmeatesii@blogspot.com	Male	20.151.2.32
668	Thorstein	Bucktrout	tbucktroutij@usnews.com	Male	77.201.222.182
669	Farra	Kinze	fkinzeik@sakura.ne.jp	Female	234.69.213.71
670	Carline	Brownhill	cbrownhillil@ifeng.com	Female	106.178.173.81
671	Carita	Gwyneth	cgwynethim@nytimes.com	Female	102.219.143.198
672	Hadrian	Korpal	hkorpalin@aboutads.info	Male	169.230.40.214
673	Andonis	Luton	alutonio@cpanel.net	Male	158.140.187.134
674	Dougy	Blezard	dblezardip@amazon.co.jp	Male	151.46.192.160
675	Fanechka	Bateson	fbatesoniq@latimes.com	Female	247.66.125.121
676	Morena	Longdon	mlongdonir@pinterest.com	Female	67.248.91.182
677	Johannah	Finders	jfindersis@webmd.com	Female	183.83.124.49
678	Tobit	Akker	takkerit@microsoft.com	Male	23.68.77.84
679	Filberto	Kohlerman	fkohlermaniu@sphinn.com	Male	23.203.232.188
680	Jojo	Forgan	jforganiv@opera.com	Female	65.243.132.60
681	Vyky	Hubner	vhubneriw@wikimedia.org	Female	44.180.216.169
682	Carrie	Vennart	cvennartix@salon.com	Female	175.232.85.236
683	Tammy	Shovelbottom	tshovelbottomiy@zimbio.com	Female	246.36.93.224
684	Tripp	Inglish	tinglishiz@taobao.com	Male	159.34.85.188
685	Fulvia	Olive	folivej0@cloudflare.com	Female	12.69.27.84
686	Elsey	Klesl	ekleslj1@posterous.com	Female	192.35.62.248
687	Care	MacCumiskey	cmaccumiskeyj2@netvibes.com	Male	208.238.61.50
688	Nancee	Tedstone	ntedstonej3@buzzfeed.com	Female	89.245.20.157
689	Abie	Illing	aillingj4@yandex.ru	Male	50.52.67.211
690	Hogan	Benardet	hbenardetj5@tripadvisor.com	Male	11.78.214.81
691	Janaya	Magenny	jmagennyj6@europa.eu	Female	18.77.129.178
692	Avram	Zarfai	azarfaij7@admin.ch	Male	189.196.121.232
693	Elle	Blaylock	eblaylockj8@de.vu	Female	60.109.175.142
694	Alexine	Cogger	acoggerj9@hatena.ne.jp	Female	51.83.74.166
695	Jonell	Lutwidge	jlutwidgeja@yellowpages.com	Female	81.211.116.92
696	Ellary	Gallemore	egallemorejb@europa.eu	Male	122.131.199.212
697	Colby	Sibbson	csibbsonjc@phoca.cz	Male	171.140.84.147
698	Myca	MacGregor	mmacgregorjd@weebly.com	Male	231.196.62.240
699	Brandais	Pirelli	bpirellije@sphinn.com	Female	237.86.221.1
700	Rogerio	Blackley	rblackleyjf@flavors.me	Male	25.107.31.159
701	Hartley	Nollet	hnolletjg@example.com	Male	213.188.22.106
702	Roosevelt	Vinecombe	rvinecombejh@dailymotion.com	Male	81.74.230.150
703	Helena	Rodgier	hrodgierji@godaddy.com	Female	200.12.67.41
704	Camellia	Le Port	cleportjj@barnesandnoble.com	Female	251.162.164.138
705	Stacy	Blackater	sblackaterjk@constantcontact.com	Male	22.169.45.10
706	Friederike	Hutsby	fhutsbyjl@google.nl	Female	113.223.157.107
707	Sanford	Mundwell	smundwelljm@yahoo.com	Male	12.176.79.28
708	Annabelle	Stear	astearjn@cnet.com	Female	37.162.109.74
709	Ulrich	Rook	urookjo@dyndns.org	Male	214.100.144.144
710	Karisa	Burfoot	kburfootjp@toplist.cz	Female	239.11.140.99
711	Helenelizabeth	Queree	hquereejq@blogs.com	Female	28.79.184.181
712	Ruperto	Dullingham	rdullinghamjr@soundcloud.com	Male	110.94.135.82
713	Arline	Darling	adarlingjs@free.fr	Female	198.230.180.67
714	Alaric	MacCourt	amaccourtjt@ifeng.com	Male	131.131.210.193
715	Esmeralda	Brosh	ebroshju@unesco.org	Female	40.153.139.226
716	Nil	Jedrysik	njedrysikjv@aol.com	Male	131.215.250.139
717	Eal	Houselee	ehouseleejw@independent.co.uk	Male	196.255.255.171
718	Sherm	Howes	showesjx@joomla.org	Male	66.97.54.230
719	Anatol	Lunge	alungejy@ifeng.com	Male	27.46.191.130
720	Conrade	Stuehmeier	cstuehmeierjz@usda.gov	Male	238.95.90.138
721	Natalina	Dani	ndanik0@nps.gov	Female	229.162.192.86
722	Chicky	Croisier	ccroisierk1@telegraph.co.uk	Male	105.136.174.192
723	Stormy	Donner	sdonnerk2@dot.gov	Female	72.113.158.117
724	Alisander	Joblin	ajoblink3@google.es	Male	118.12.239.111
725	Camilla	Demoge	cdemogek4@homestead.com	Female	245.160.138.247
726	Ilyssa	Vidler	ividlerk5@youtube.com	Female	246.1.64.199
727	Clywd	Arno	carnok6@unblog.fr	Male	142.148.226.191
728	Melisande	Firpo	mfirpok7@wikimedia.org	Female	232.95.231.151
729	Renault	Bazoge	rbazogek8@purevolume.com	Male	189.232.216.183
730	Frederik	Frawley	ffrawleyk9@booking.com	Male	183.244.77.74
731	Juliane	Burnel	jburnelka@t.co	Female	36.225.0.86
732	Trip	Bride	tbridekb@gravatar.com	Male	83.67.116.238
733	Yardley	Goward	ygowardkc@mtv.com	Male	203.41.242.21
734	Tod	Ringe	tringekd@geocities.com	Male	170.87.247.189
735	Peder	Snowdon	psnowdonke@github.io	Male	55.238.93.157
736	Martainn	Sheraton	msheratonkf@amazonaws.com	Male	0.202.38.13
737	Lorilyn	Twede	ltwedekg@ucoz.ru	Female	83.66.23.105
738	Anica	Edds	aeddskh@sohu.com	Female	207.16.5.240
739	Bettye	Chander	bchanderki@amazonaws.com	Female	186.138.55.249
740	Gabriello	Bachellier	gbachellierkj@youtube.com	Male	255.211.48.196
741	Dilan	Mahy	dmahykk@ftc.gov	Male	16.102.192.203
742	Buddie	Bullene	bbullenekl@rambler.ru	Male	165.170.187.183
743	Alain	Stabler	astablerkm@typepad.com	Male	65.121.249.250
744	Mordecai	Bartolozzi	mbartolozzikn@pcworld.com	Male	164.248.122.79
745	Tomaso	Burnhams	tburnhamsko@rambler.ru	Male	206.97.192.127
746	Dory	Gebhardt	dgebhardtkp@posterous.com	Female	195.107.221.247
747	Hilton	Boxhall	hboxhallkq@nsw.gov.au	Male	85.130.5.208
748	Dulcy	Marrion	dmarrionkr@printfriendly.com	Female	175.138.144.212
749	Stearne	Hofler	shoflerks@netvibes.com	Male	47.163.102.229
750	Ronald	Bartel	rbartelkt@fotki.com	Male	108.172.63.61
751	Stanton	Bentham3	sbenthamku@theglobeandmail.com	Male	162.91.200.11
752	Katalin	Huzzay	khuzzaykv@sogou.com	Female	181.245.145.155
753	Karlen	Stanbra	kstanbrakw@360.cn	Female	98.134.125.224
754	Eolande	Stowell	estowellkx@cisco.com	Female	251.151.60.190
755	Maryrose	Gianelli	mgianelliky@merriam-webster.com	Female	21.48.53.147
756	Eada	Craigmile	ecraigmilekz@vistaprint.com	Female	244.236.238.248
757	Pattin	Shorte	pshortel0@360.cn	Male	141.6.188.170
758	Kendricks	Chitham	kchithaml1@smugmug.com	Male	47.175.97.252
759	Benji	Bayley	bbayleyl2@tinyurl.com	Male	17.215.85.145
760	Hynda	Snel	hsnell3@blinklist.com	Female	174.61.105.164
761	Nikaniki	Duckers	nduckersl4@sphinn.com	Female	63.87.241.19
762	Montague	Janus	mjanusl5@loc.gov	Male	177.50.181.228
763	Harrison	Pareman	hparemanl6@ovh.net	Male	38.94.74.14
764	Thaddus	Chisholme	tchisholmel7@alexa.com	Male	88.44.243.158
765	Goraud	Willimot	gwillimotl8@businessinsider.com	Male	131.165.250.254
766	Baryram	Rohmer	brohmerl9@biglobe.ne.jp	Male	93.18.160.75
767	Jennifer	Dominelli	jdominellila@apache.org	Female	224.23.10.78
768	Bale	Whales	bwhaleslb@php.net	Male	51.45.26.118
769	Godfree	Lankester	glankesterlc@pbs.org	Male	51.43.56.118
770	Reginald	Kittoe	rkittoeld@istockphoto.com	Male	186.77.214.254
771	Hilly	Capon	hcaponle@cnet.com	Male	112.52.246.76
772	Jami	Reye	jreyelf@histats.com	Female	159.116.51.101
773	Chuck	Wegenen	cwegenenlg@microsoft.com	Male	29.93.51.44
774	Charil	Franciotti	cfranciottilh@nih.gov	Female	169.145.189.24
775	Skip	Rocco	sroccoli@eventbrite.com	Male	211.194.90.249
776	Cacilie	Morgan	cmorganlj@g.co	Female	42.89.81.205
777	Brooks	Atteridge	batteridgelk@storify.com	Male	85.213.35.26
778	Verile	Tregoning	vtregoningll@cisco.com	Female	121.163.22.139
779	Emory	Graysmark	egraysmarklm@theguardian.com	Male	159.30.52.182
780	Carlyle	Sturch	csturchln@joomla.org	Male	123.152.242.123
781	Nikaniki	Rossi	nrossilo@indiegogo.com	Female	186.89.106.134
782	Maren	McCallion	mmccallionlp@ftc.gov	Female	179.33.3.221
783	Delmor	Sieur	dsieurlq@github.com	Male	105.180.90.206
784	Anet	Almon	aalmonlr@vistaprint.com	Female	126.187.213.46
785	Malcolm	Quinevan	mquinevanls@lycos.com	Male	151.172.135.214
786	Gertrudis	Weekland	gweeklandlt@skyrock.com	Female	156.166.110.30
787	Newton	Raphael	nraphaellu@artisteer.com	Male	81.133.195.24
788	Tremain	Sellers	tsellerslv@si.edu	Male	241.182.72.124
789	Valerye	Fryers	vfryerslw@mtv.com	Female	109.229.242.192
790	Gregorius	Milsap	gmilsaplx@cbsnews.com	Male	163.67.227.209
791	Blanche	Assad	bassadly@paypal.com	Female	171.19.90.43
792	Muhammad	Cornfield	mcornfieldlz@google.it	Male	5.37.193.192
793	Flint	Klisch	fklischm0@jalbum.net	Male	219.177.10.227
794	Den	Petran	dpetranm1@kickstarter.com	Male	209.50.59.42
795	Yalonda	Bradforth	ybradforthm2@imgur.com	Female	243.127.168.21
796	Ulrikaumeko	Amori	uamorim3@hud.gov	Female	90.102.152.153
797	Rabi	Hirth	rhirthm4@webeden.co.uk	Male	244.92.196.179
798	Donall	Lambourne	dlambournem5@simplemachines.org	Male	172.195.209.251
799	Gunter	Giddens	ggiddensm6@bing.com	Male	91.121.73.188
800	Brooks	Pengilley	bpengilleym7@reuters.com	Female	107.7.212.225
801	Dulcine	Byers	dbyersm8@com.com	Female	81.34.195.223
802	Shep	Coggin	scogginm9@miitbeian.gov.cn	Male	97.108.61.154
803	Elvera	Schmuhl	eschmuhlma@prlog.org	Female	26.84.100.23
804	Cam	Alloway	callowaymb@chicagotribune.com	Female	101.83.126.76
805	Niven	Le Brum	nlebrummc@springer.com	Male	139.61.154.148
806	Hendrick	Hardage	hhardagemd@home.pl	Male	168.79.154.244
807	Carce	Bengtson	cbengtsonme@howstuffworks.com	Male	4.244.219.111
808	Denney	Kincey	dkinceymf@usa.gov	Male	66.97.179.201
809	Pebrook	Wearing	pwearingmg@cisco.com	Male	188.180.183.109
810	Amber	Westell	awestellmh@stumbleupon.com	Female	230.8.122.180
811	Merilee	Coster	mcostermi@bizjournals.com	Female	236.185.101.20
812	Dennie	Yashnov	dyashnovmj@wisc.edu	Female	34.181.138.160
813	Salomone	Flaubert	sflaubertmk@a8.net	Male	184.233.202.10
814	Laney	MacAree	lmacareeml@webnode.com	Female	44.83.75.204
815	Valaria	McNamee	vmcnameemm@dyndns.org	Female	158.242.234.254
816	Maurice	Pilkington	mpilkingtonmn@prweb.com	Male	188.55.200.6
817	Filide	Lambertini	flambertinimo@ucoz.com	Female	188.131.33.128
818	Rhetta	Bockmaster	rbockmastermp@yellowpages.com	Female	142.66.130.22
819	Garald	Bullene	gbullenemq@shutterfly.com	Male	105.1.237.110
820	Fiona	Branscomb	fbranscombmr@squidoo.com	Female	208.122.72.163
821	Rosemarie	Tuminini	rtumininims@cbslocal.com	Female	61.5.45.16
822	Angelia	Deegan	adeeganmt@cnet.com	Female	228.105.165.178
823	Lucian	Reddlesden	lreddlesdenmu@free.fr	Male	214.140.75.218
824	Winfred	Grece	wgrecemv@gmpg.org	Male	45.70.90.63
825	Alaric	Zute	azutemw@issuu.com	Male	100.53.149.16
826	Terrijo	MacCurtain	tmaccurtainmx@sourceforge.net	Female	78.255.195.127
827	Jasmin	Mithan	jmithanmy@amazonaws.com	Female	213.67.16.106
828	Cheston	Carlile	ccarlilemz@hugedomains.com	Male	17.194.37.75
829	Flore	Bexley	fbexleyn0@google.com.hk	Female	199.21.109.175
830	Hendrick	Alvey	halveyn1@tiny.cc	Male	166.2.62.135
831	Charlie	Grancher	cgranchern2@domainmarket.com	Male	165.214.151.41
832	Carlyn	Pindred	cpindredn3@edublogs.org	Female	174.200.5.208
833	Ilka	Claisse	iclaissen4@jimdo.com	Female	162.34.248.64
834	Antonius	Kanwell	akanwelln5@addthis.com	Male	116.127.151.123
835	Agnola	Swayne	aswaynen6@webs.com	Female	221.76.7.55
836	Gussi	Spread	gspreadn7@nba.com	Female	96.0.205.29
837	Mervin	Surfleet	msurfleetn8@alibaba.com	Male	111.109.180.52
838	Maximilian	Southon	msouthonn9@nsw.gov.au	Male	88.236.53.235
839	Eddy	Sibbons	esibbonsna@addtoany.com	Female	31.48.114.67
840	Myrlene	Fishpool	mfishpoolnb@sakura.ne.jp	Female	248.44.144.190
841	Melonie	Potticary	mpotticarync@ehow.com	Female	72.164.18.226
842	Flossi	Daintrey	fdaintreynd@i2i.jp	Female	193.22.147.243
843	Frazier	Bartomeu	fbartomeune@geocities.jp	Male	28.39.79.147
844	Armstrong	Rubinek	arubineknf@un.org	Male	97.247.58.250
845	Ellene	Hallward	ehallwardng@hao123.com	Female	169.183.43.222
846	Zelda	Bowstead	zbowsteadnh@newyorker.com	Female	55.243.16.145
847	Juli	Bumpus	jbumpusni@fda.gov	Female	106.45.230.126
848	Bobina	Bolderson	bboldersonnj@ezinearticles.com	Female	94.158.235.51
849	Zacharias	Gilbanks	zgilbanksnk@npr.org	Male	218.63.104.53
850	Ricki	Aiskovitch	raiskovitchnl@1688.com	Female	148.26.249.37
851	Deloris	Erickssen	derickssennm@devhub.com	Female	140.62.149.85
852	Janot	Tatton	jtattonnn@moonfruit.com	Female	39.99.225.239
853	Elva	Shivell	eshivellno@purevolume.com	Female	35.62.69.198
854	Noelle	Ealam	nealamnp@theatlantic.com	Female	40.9.171.157
855	Arabelle	de Grey	adegreynq@time.com	Female	145.222.83.208
856	Granville	McComb	gmccombnr@china.com.cn	Male	17.191.19.196
857	Cherida	Vannacci	cvannaccins@huffingtonpost.com	Female	185.219.106.84
858	Arie	Willgoose	awillgoosent@chron.com	Male	220.173.244.152
859	Cristi	MacLleese	cmaclleesenu@sohu.com	Female	167.4.166.143
860	Helen-elizabeth	Oade	hoadenv@unc.edu	Female	49.177.233.45
861	Rafaelita	Enochsson	renochssonnw@usgs.gov	Female	180.145.128.102
862	Zarah	Minchinton	zminchintonnx@goo.gl	Female	215.98.194.136
863	Lucia	Trappe	ltrappeny@yahoo.com	Female	100.148.204.165
864	Hayden	Spreckley	hspreckleynz@fema.gov	Male	169.136.91.195
865	Shay	Dwire	sdwireo0@woothemes.com	Male	243.65.133.176
866	Alvie	Josebury	ajoseburyo1@qq.com	Male	160.209.9.132
867	Yvor	Signe	ysigneo2@nationalgeographic.com	Male	111.2.1.200
868	Anne	Frackiewicz	afrackiewiczo3@about.com	Female	130.35.210.7
869	Vivi	Shury	vshuryo4@google.fr	Female	1.125.50.20
870	Mab	Sange	msangeo5@springer.com	Female	18.41.161.124
871	Lauraine	Remnant	lremnanto6@icio.us	Female	205.130.1.146
872	Paule	Trenoweth	ptrenowetho7@jigsy.com	Female	105.48.55.36
873	Lauri	Oran	lorano8@meetup.com	Female	72.233.103.128
874	Merell	Caveau	mcaveauo9@hexun.com	Male	86.159.249.227
875	Paulo	Futty	pfuttyoa@state.gov	Male	190.246.120.244
876	Wait	Aherne	waherneob@list-manage.com	Male	14.188.21.59
877	Afton	Landon	alandonoc@soundcloud.com	Female	17.85.61.15
878	Grannie	Eam	geamod@angelfire.com	Male	104.7.83.184
879	Conni	Element	celementoe@artisteer.com	Female	184.190.65.62
880	Salli	McGreay	smcgreayof@amazon.co.uk	Female	142.184.3.11
881	Ludwig	Burnyeat	lburnyeatog@delicious.com	Male	62.139.61.46
882	Mandy	Cureton	mcuretonoh@unesco.org	Female	191.245.192.148
883	Luigi	Lantiff	llantiffoi@bandcamp.com	Male	146.249.113.156
884	Harald	Stading	hstadingoj@va.gov	Male	19.170.141.175
885	Shannan	Sewley	ssewleyok@example.com	Male	27.72.238.73
886	Brietta	Allward	ballwardol@sohu.com	Female	97.4.177.154
887	Solly	Volleth	svollethom@dmoz.org	Male	222.83.136.126
888	Jacob	Thornewell	jthornewellon@dagondesign.com	Male	202.50.235.119
889	Micheal	Nassie	mnassieoo@economist.com	Male	7.53.168.66
890	Mar	Langelaan	mlangelaanop@mashable.com	Male	199.45.9.50
891	Sullivan	Slamaker	sslamakeroq@webeden.co.uk	Male	49.204.59.24
892	Finn	Rome	fromeor@ebay.co.uk	Male	181.155.66.145
893	Riva	Lockitt	rlockittos@google.es	Female	208.202.153.129
894	Der	Piner	dpinerot@kickstarter.com	Male	219.87.202.127
895	Gwendolin	Tinsey	gtinseyou@youtu.be	Female	15.213.98.153
896	Margaretha	Woodfield	mwoodfieldov@ibm.com	Female	67.141.179.129
897	Bibbie	Haburne	bhaburneow@ameblo.jp	Female	190.194.106.134
898	Oswald	Yurevich	oyurevichox@theguardian.com	Male	65.133.151.207
899	Englebert	Cotmore	ecotmoreoy@uol.com.br	Male	77.218.0.1
900	Mala	Binks	mbinksoz@issuu.com	Female	5.101.106.64
901	Bryanty	Ogilvy	bogilvyp0@purevolume.com	Male	69.91.90.198
902	Farand	McEvay	fmcevayp1@istockphoto.com	Female	197.185.46.163
903	Craggy	Jeduch	cjeduchp2@wikispaces.com	Male	204.67.40.245
904	Padriac	Dowding	pdowdingp3@cbsnews.com	Male	164.192.211.244
905	Aliza	Gisburn	agisburnp4@nba.com	Female	127.148.210.120
906	Elie	Doreward	edorewardp5@eventbrite.com	Female	28.1.142.95
907	Tristan	Kings	tkingsp6@usa.gov	Male	99.244.196.93
908	Ignatius	Bousquet	ibousquetp7@wikia.com	Male	66.215.218.41
909	Sloane	Kinsella	skinsellap8@si.edu	Male	216.247.70.44
910	Kathe	Carlens	kcarlensp9@topsy.com	Female	117.164.186.140
911	Rube	Swinley	rswinleypa@a8.net	Male	105.202.139.243
912	Stella	Binns	sbinnspb@newsvine.com	Female	161.152.73.38
913	Iver	Carlson	icarlsonpc@forbes.com	Male	28.147.146.201
914	Lesly	Pinsent	lpinsentpd@utexas.edu	Female	223.115.134.2
915	Averil	Jeratt	ajerattpe@nasa.gov	Female	230.62.190.131
916	Forster	Karolyi	fkarolyipf@surveymonkey.com	Male	33.135.171.109
917	Kirsteni	Martusov	kmartusovpg@disqus.com	Female	191.72.246.195
918	Othello	Edgars	oedgarsph@ebay.co.uk	Male	79.23.170.210
919	Murdoch	Handford	mhandfordpi@constantcontact.com	Male	73.120.96.208
920	Barret	Magnus	bmagnuspj@rediff.com	Male	144.216.161.118
921	Bebe	Dederich	bdederichpk@skype.com	Female	122.83.88.18
922	Ainslee	Bresland	abreslandpl@salon.com	Female	0.140.86.59
923	Kalvin	Arnli	karnlipm@mysql.com	Male	192.86.183.158
924	Gawain	Rimmer	grimmerpn@free.fr	Male	221.134.120.134
925	Gibby	Ordemann	gordemannpo@wordpress.com	Male	73.115.97.128
926	Idell	Symms	isymmspp@canalblog.com	Female	23.123.94.193
927	Elfrieda	Tunniclisse	etunniclissepq@weather.com	Female	110.233.74.249
928	Jobyna	Bloore	jbloorepr@posterous.com	Female	203.173.222.207
929	Locke	Grigorian	lgrigorianps@about.me	Male	22.66.128.175
930	Laird	Orr	lorrpt@tripadvisor.com	Male	213.165.222.218
931	Starla	Jzhakov	sjzhakovpu@technorati.com	Female	73.163.131.131
932	Ewen	Breitling	ebreitlingpv@upenn.edu	Male	185.187.154.12
933	Jerad	Antuk	jantukpw@nytimes.com	Male	28.4.80.69
934	Welbie	Bulluck	wbulluckpx@gmpg.org	Male	222.111.234.41
935	Rockey	Birkett	rbirkettpy@rediff.com	Male	151.136.228.13
936	Silvain	Schafer	sschaferpz@google.fr	Male	191.84.106.177
937	Celestine	Cullon	ccullonq0@who.int	Female	155.136.146.214
938	Lisabeth	Beloe	lbeloeq1@princeton.edu	Female	170.16.80.97
939	Tobe	Blagbrough	tblagbroughq2@bloomberg.com	Male	240.86.73.158
940	Cammy	Cokly	ccoklyq3@pcworld.com	Female	240.184.175.91
941	Silvester	Sully	ssullyq4@4shared.com	Male	239.57.164.246
942	Barclay	Errowe	berroweq5@chicagotribune.com	Male	47.103.103.8
943	Ada	Figiovanni	afigiovanniq6@va.gov	Female	250.0.153.142
944	Morton	Echallie	mechallieq7@google.cn	Male	90.152.235.49
945	Kimmy	Roney	kroneyq8@economist.com	Female	11.114.4.173
946	Kipper	Cambell	kcambellq9@theglobeandmail.com	Male	200.194.93.215
947	Gwyn	Myerscough	gmyerscoughqa@tamu.edu	Female	150.243.15.66
948	Kippy	Beacham	kbeachamqb@php.net	Female	30.143.133.149
949	Sollie	Agastina	sagastinaqc@google.cn	Male	123.209.151.114
950	Earlie	Leport	eleportqd@cbslocal.com	Male	164.191.246.88
951	Cash	Simpkiss	csimpkissqe@unc.edu	Male	3.96.78.61
952	Olav	O'Fihillie	oofihillieqf@earthlink.net	Male	252.89.24.62
953	Octavia	Sawell	osawellqg@blogger.com	Female	45.149.115.68
954	Clemmy	Artinstall	cartinstallqh@hugedomains.com	Male	171.49.47.11
955	Lesya	Sennett	lsennettqi@boston.com	Female	164.143.121.175
956	Patric	Matthews	pmatthewsqj@trellian.com	Male	140.238.48.142
957	Margo	Catchpole	mcatchpoleqk@edublogs.org	Female	64.67.112.91
958	Pail	Londing	plondingql@vinaora.com	Male	6.222.35.94
959	Dolley	Wigin	dwiginqm@ow.ly	Female	126.15.11.20
960	Sallyann	Mawd	smawdqn@chronoengine.com	Female	177.168.19.234
961	Drugi	Arrighi	darrighiqo@tmall.com	Male	85.25.245.212
962	Vivian	Bergeau	vbergeauqp@github.com	Female	23.135.113.97
963	Kennie	Sadler	ksadlerqq@nih.gov	Male	2.185.91.17
964	Lisabeth	Quiddihy	lquiddihyqr@tamu.edu	Female	131.64.191.26
965	Joby	Stemson	jstemsonqs@sina.com.cn	Female	34.152.4.242
966	Ivonne	Cozens	icozensqt@webs.com	Female	114.126.48.218
967	Mord	Gwilym	mgwilymqu@comsenz.com	Male	68.131.60.162
968	Myron	Vasler	mvaslerqv@wikispaces.com	Male	148.50.101.227
969	Charmain	Bowick	cbowickqw@joomla.org	Female	20.90.163.94
970	Rebbecca	Barense	rbarenseqx@chronoengine.com	Female	209.202.47.199
971	Sidnee	Oakwood	soakwoodqy@dell.com	Male	214.72.219.59
972	Scarface	Flipsen	sflipsenqz@opera.com	Male	165.166.56.58
973	Hetti	Bellocht	hbellochtr0@bandcamp.com	Female	41.199.162.158
974	Lucie	Wilkinson	lwilkinsonr1@youtube.com	Female	84.166.185.16
975	Luelle	Blue	lbluer2@foxnews.com	Female	245.21.4.140
976	Leroi	Orchart	lorchartr3@statcounter.com	Male	219.19.156.236
977	Alla	Deek	adeekr4@discovery.com	Female	157.1.31.105
978	Percival	Voas	pvoasr5@jugem.jp	Male	188.13.221.67
979	Esdras	Bowshire	ebowshirer6@constantcontact.com	Male	38.191.151.10
980	Jerrilyn	Smorthwaite	jsmorthwaiter7@livejournal.com	Female	157.27.160.207
981	Fred	Sainsbury-Brown	fsainsburybrownr8@auda.org.au	Male	152.72.247.89
982	Aguie	De Gregoli	adegregolir9@google.com.hk	Male	192.54.26.90
983	Charlotta	Drever	cdreverra@ft.com	Female	172.224.25.195
984	Lodovico	Milsted	lmilstedrb@nifty.com	Male	244.249.239.146
985	Ben	Louche	bloucherc@pen.io	Male	186.244.248.90
986	Saloma	Sidsaff	ssidsaffrd@europa.eu	Female	203.153.187.115
987	Reba	Kelle	rkellere@amazon.de	Female	217.200.63.195
988	Winston	Climson	wclimsonrf@cnet.com	Male	221.164.226.172
989	Querida	Fridaye	qfridayerg@exblog.jp	Female	88.207.239.104
990	Jackquelin	Hamments	jhammentsrh@ox.ac.uk	Female	38.75.43.184
991	Neils	Pachmann	npachmannri@qq.com	Male	137.111.208.210
992	Consuelo	Vowell	cvowellrj@unc.edu	Female	41.144.151.232
993	George	Burditt	gburdittrk@toplist.cz	Male	177.132.59.78
994	Karlyn	Counter	kcounterrl@oaic.gov.au	Female	212.27.77.169
995	Lanette	Ewart	lewartrm@wired.com	Female	64.209.73.112
996	Lelah	Benitez	lbenitezrn@ucoz.com	Female	52.118.186.221
997	Radcliffe	Almey	ralmeyro@adobe.com	Male	170.29.221.251
998	Gun	Blakes	gblakesrp@usgs.gov	Male	239.133.42.94
999	Montague	Cruce	mcrucerq@nps.gov	Male	239.205.1.214
1000	Marvin	Kleingrub	mkleingrubrr@behance.net	Male	39.76.223.181
